Granja,Galpón,Sexo,Día,Cosechado (1/0)
MAO,5,M,1,0
MAO,5,M,2,0
MAO,5,M,3,0
MAO,5,M,4,0
MAO,5,M,5,1
MAO,5,M,6,0
MAO,5,M,7,0
MAO,5,M,8,0
MAO,5,M,9,0
MAO,5,M,10,0
MAO,5,M,11,0
MAO,5,M,12,0
MAO,6,M,1,0
MAO,6,M,2,0
MAO,6,M,3,0
MAO,6,M,4,0
MAO,6,M,5,1
MAO,6,M,6,0
MAO,6,M,7,0
MAO,6,M,8,0
MAO,6,M,9,0
MAO,6,M,10,0
MAO,6,M,11,0
MAO,6,M,12,0
LA CHAMBA,1,M,1,1
LA CHAMBA,1,M,2,0
LA CHAMBA,1,M,3,0
LA CHAMBA,1,M,4,0
LA CHAMBA,1,M,5,0
LA CHAMBA,1,M,6,0
LA CHAMBA,1,M,7,0
LA CHAMBA,1,M,8,0
LA CHAMBA,1,M,9,0
LA CHAMBA,1,M,10,0
LA CHAMBA,1,M,11,0
LA CHAMBA,1,M,12,0
LA CHAMBA,2,M,1,0
LA CHAMBA,2,M,2,0
LA CHAMBA,2,M,3,1
LA CHAMBA,2,M,4,0
LA CHAMBA,2,M,5,0
LA CHAMBA,2,M,6,0
LA CHAMBA,2,M,7,0
LA CHAMBA,2,M,8,0
LA CHAMBA,2,M,9,0
LA CHAMBA,2,M,10,0
LA CHAMBA,2,M,11,0
LA CHAMBA,2,M,12,0
LA CHAMBA,3,M,1,0
LA CHAMBA,3,M,2,1
LA CHAMBA,3,M,3,0
LA CHAMBA,3,M,4,0
LA CHAMBA,3,M,5,0
LA CHAMBA,3,M,6,0
LA CHAMBA,3,M,7,0
LA CHAMBA,3,M,8,0
LA CHAMBA,3,M,9,0
LA CHAMBA,3,M,10,0
LA CHAMBA,3,M,11,0
LA CHAMBA,3,M,12,0
LA CHAMBA,4,M,1,0
LA CHAMBA,4,M,2,1
LA CHAMBA,4,M,3,0
LA CHAMBA,4,M,4,0
LA CHAMBA,4,M,5,0
LA CHAMBA,4,M,6,0
LA CHAMBA,4,M,7,0
LA CHAMBA,4,M,8,0
LA CHAMBA,4,M,9,0
LA CHAMBA,4,M,10,0
LA CHAMBA,4,M,11,0
LA CHAMBA,4,M,12,0
CHICO,3,M,1,0
CHICO,3,M,2,1
CHICO,3,M,3,0
CHICO,3,M,4,0
CHICO,3,M,5,0
CHICO,3,M,6,0
CHICO,3,M,7,0
CHICO,3,M,8,0
CHICO,3,M,9,0
CHICO,3,M,10,0
CHICO,3,M,11,0
CHICO,3,M,12,0
RANCHO ALEGRE,1,M,1,1
RANCHO ALEGRE,1,M,2,0
RANCHO ALEGRE,1,M,3,0
RANCHO ALEGRE,1,M,4,0
RANCHO ALEGRE,1,M,5,0
RANCHO ALEGRE,1,M,6,0
RANCHO ALEGRE,1,M,7,0
RANCHO ALEGRE,1,M,8,0
RANCHO ALEGRE,1,M,9,0
RANCHO ALEGRE,1,M,10,0
RANCHO ALEGRE,1,M,11,0
RANCHO ALEGRE,1,M,12,0
RANCHO ALEGRE,2,M,1,0
RANCHO ALEGRE,2,M,2,0
RANCHO ALEGRE,2,M,3,0
RANCHO ALEGRE,2,M,4,1
RANCHO ALEGRE,2,M,5,0
RANCHO ALEGRE,2,M,6,0
RANCHO ALEGRE,2,M,7,0
RANCHO ALEGRE,2,M,8,0
RANCHO ALEGRE,2,M,9,0
RANCHO ALEGRE,2,M,10,0
RANCHO ALEGRE,2,M,11,0
RANCHO ALEGRE,2,M,12,0
RANCHO ALEGRE,3,M,1,0
RANCHO ALEGRE,3,M,2,0
RANCHO ALEGRE,3,M,3,1
RANCHO ALEGRE,3,M,4,0
RANCHO ALEGRE,3,M,5,0
RANCHO ALEGRE,3,M,6,0
RANCHO ALEGRE,3,M,7,0
RANCHO ALEGRE,3,M,8,0
RANCHO ALEGRE,3,M,9,0
RANCHO ALEGRE,3,M,10,0
RANCHO ALEGRE,3,M,11,0
RANCHO ALEGRE,3,M,12,0
RANCHO ALEGRE,4,M,1,0
RANCHO ALEGRE,4,M,2,1
RANCHO ALEGRE,4,M,3,0
RANCHO ALEGRE,4,M,4,0
RANCHO ALEGRE,4,M,5,0
RANCHO ALEGRE,4,M,6,0
RANCHO ALEGRE,4,M,7,0
RANCHO ALEGRE,4,M,8,0
RANCHO ALEGRE,4,M,9,0
RANCHO ALEGRE,4,M,10,0
RANCHO ALEGRE,4,M,11,0
RANCHO ALEGRE,4,M,12,0
POTOCO,1,M,1,0
POTOCO,1,M,2,0
POTOCO,1,M,3,0
POTOCO,1,M,4,1
POTOCO,1,M,5,0
POTOCO,1,M,6,0
POTOCO,1,M,7,0
POTOCO,1,M,8,0
POTOCO,1,M,9,0
POTOCO,1,M,10,0
POTOCO,1,M,11,0
POTOCO,1,M,12,0
POTOCO,2,M,1,0
POTOCO,2,M,2,0
POTOCO,2,M,3,0
POTOCO,2,M,4,0
POTOCO,2,M,5,0
POTOCO,2,M,6,1
POTOCO,2,M,7,0
POTOCO,2,M,8,0
POTOCO,2,M,9,0
POTOCO,2,M,10,0
POTOCO,2,M,11,0
POTOCO,2,M,12,0
POTOCO,3,M,1,0
POTOCO,3,M,2,0
POTOCO,3,M,3,0
POTOCO,3,M,4,0
POTOCO,3,M,5,0
POTOCO,3,M,6,1
POTOCO,3,M,7,0
POTOCO,3,M,8,0
POTOCO,3,M,9,0
POTOCO,3,M,10,0
POTOCO,3,M,11,0
POTOCO,3,M,12,0
POTOCO,4,M,1,0
POTOCO,4,M,2,0
POTOCO,4,M,3,0
POTOCO,4,M,4,0
POTOCO,4,M,5,0
POTOCO,4,M,6,1
POTOCO,4,M,7,0
POTOCO,4,M,8,0
POTOCO,4,M,9,0
POTOCO,4,M,10,0
POTOCO,4,M,11,0
POTOCO,4,M,12,0
POTOCO,5,M,1,0
POTOCO,5,M,2,0
POTOCO,5,M,3,0
POTOCO,5,M,4,0
POTOCO,5,M,5,0
POTOCO,5,M,6,1
POTOCO,5,M,7,0
POTOCO,5,M,8,0
POTOCO,5,M,9,0
POTOCO,5,M,10,0
POTOCO,5,M,11,0
POTOCO,5,M,12,0
POTOCO,6,M,1,0
POTOCO,6,M,2,0
POTOCO,6,M,3,0
POTOCO,6,M,4,1
POTOCO,6,M,5,0
POTOCO,6,M,6,0
POTOCO,6,M,7,0
POTOCO,6,M,8,0
POTOCO,6,M,9,0
POTOCO,6,M,10,0
POTOCO,6,M,11,0
POTOCO,6,M,12,0
POTOCO,7,M,1,0
POTOCO,7,M,2,0
POTOCO,7,M,3,0
POTOCO,7,M,4,0
POTOCO,7,M,5,0
POTOCO,7,M,6,1
POTOCO,7,M,7,0
POTOCO,7,M,8,0
POTOCO,7,M,9,0
POTOCO,7,M,10,0
POTOCO,7,M,11,0
POTOCO,7,M,12,0
POTOCO,8,M,1,0
POTOCO,8,M,2,0
POTOCO,8,M,3,0
POTOCO,8,M,4,0
POTOCO,8,M,5,1
POTOCO,8,M,6,0
POTOCO,8,M,7,0
POTOCO,8,M,8,0
POTOCO,8,M,9,0
POTOCO,8,M,10,0
POTOCO,8,M,11,0
POTOCO,8,M,12,0
POTOCO,9,M,1,0
POTOCO,9,M,2,0
POTOCO,9,M,3,1
POTOCO,9,M,4,0
POTOCO,9,M,5,0
POTOCO,9,M,6,0
POTOCO,9,M,7,0
POTOCO,9,M,8,0
POTOCO,9,M,9,0
POTOCO,9,M,10,0
POTOCO,9,M,11,0
POTOCO,9,M,12,0
ARANJUEZ,1,M,1,0
ARANJUEZ,1,M,2,0
ARANJUEZ,1,M,3,0
ARANJUEZ,1,M,4,0
ARANJUEZ,1,M,5,0
ARANJUEZ,1,M,6,1
ARANJUEZ,1,M,7,0
ARANJUEZ,1,M,8,0
ARANJUEZ,1,M,9,0
ARANJUEZ,1,M,10,0
ARANJUEZ,1,M,11,0
ARANJUEZ,1,M,12,0
ARANJUEZ,4,M,1,0
ARANJUEZ,4,M,2,0
ARANJUEZ,4,M,3,0
ARANJUEZ,4,M,4,1
ARANJUEZ,4,M,5,0
ARANJUEZ,4,M,6,0
ARANJUEZ,4,M,7,0
ARANJUEZ,4,M,8,0
ARANJUEZ,4,M,9,0
ARANJUEZ,4,M,10,0
ARANJUEZ,4,M,11,0
ARANJUEZ,4,M,12,0
ARANJUEZ,5,M,1,0
ARANJUEZ,5,M,2,0
ARANJUEZ,5,M,3,0
ARANJUEZ,5,M,4,1
ARANJUEZ,5,M,5,0
ARANJUEZ,5,M,6,0
ARANJUEZ,5,M,7,0
ARANJUEZ,5,M,8,0
ARANJUEZ,5,M,9,0
ARANJUEZ,5,M,10,0
ARANJUEZ,5,M,11,0
ARANJUEZ,5,M,12,0
ARANJUEZ,6,M,1,1
ARANJUEZ,6,M,2,0
ARANJUEZ,6,M,3,0
ARANJUEZ,6,M,4,0
ARANJUEZ,6,M,5,0
ARANJUEZ,6,M,6,0
ARANJUEZ,6,M,7,0
ARANJUEZ,6,M,8,0
ARANJUEZ,6,M,9,0
ARANJUEZ,6,M,10,0
ARANJUEZ,6,M,11,0
ARANJUEZ,6,M,12,0
ARANJUEZ,7,M,1,0
ARANJUEZ,7,M,2,0
ARANJUEZ,7,M,3,0
ARANJUEZ,7,M,4,0
ARANJUEZ,7,M,5,1
ARANJUEZ,7,M,6,0
ARANJUEZ,7,M,7,0
ARANJUEZ,7,M,8,0
ARANJUEZ,7,M,9,0
ARANJUEZ,7,M,10,0
ARANJUEZ,7,M,11,0
ARANJUEZ,7,M,12,0
NIÑA MARIA,1,M,1,0
NIÑA MARIA,1,M,2,1
NIÑA MARIA,1,M,3,0
NIÑA MARIA,1,M,4,0
NIÑA MARIA,1,M,5,0
NIÑA MARIA,1,M,6,0
NIÑA MARIA,1,M,7,0
NIÑA MARIA,1,M,8,0
NIÑA MARIA,1,M,9,0
NIÑA MARIA,1,M,10,0
NIÑA MARIA,1,M,11,0
NIÑA MARIA,1,M,12,0
NIÑA MARIA,2,M,1,0
NIÑA MARIA,2,M,2,0
NIÑA MARIA,2,M,3,0
NIÑA MARIA,2,M,4,0
NIÑA MARIA,2,M,5,1
NIÑA MARIA,2,M,6,0
NIÑA MARIA,2,M,7,0
NIÑA MARIA,2,M,8,0
NIÑA MARIA,2,M,9,0
NIÑA MARIA,2,M,10,0
NIÑA MARIA,2,M,11,0
NIÑA MARIA,2,M,12,0
NIÑA MARIA,3,M,1,0
NIÑA MARIA,3,M,2,1
NIÑA MARIA,3,M,3,0
NIÑA MARIA,3,M,4,0
NIÑA MARIA,3,M,5,0
NIÑA MARIA,3,M,6,0
NIÑA MARIA,3,M,7,0
NIÑA MARIA,3,M,8,0
NIÑA MARIA,3,M,9,0
NIÑA MARIA,3,M,10,0
NIÑA MARIA,3,M,11,0
NIÑA MARIA,3,M,12,0
LA ORQUIDEA,1,M,1,0
LA ORQUIDEA,1,M,2,1
LA ORQUIDEA,1,M,3,0
LA ORQUIDEA,1,M,4,0
LA ORQUIDEA,1,M,5,0
LA ORQUIDEA,1,M,6,0
LA ORQUIDEA,1,M,7,0
LA ORQUIDEA,1,M,8,0
LA ORQUIDEA,1,M,9,0
LA ORQUIDEA,1,M,10,0
LA ORQUIDEA,1,M,11,0
LA ORQUIDEA,1,M,12,0
LA ORQUIDEA,2,MX,1,0
LA ORQUIDEA,2,MX,2,0
LA ORQUIDEA,2,MX,3,0
LA ORQUIDEA,2,MX,4,0
LA ORQUIDEA,2,MX,5,1
LA ORQUIDEA,2,MX,6,0
LA ORQUIDEA,2,MX,7,0
LA ORQUIDEA,2,MX,8,0
LA ORQUIDEA,2,MX,9,0
LA ORQUIDEA,2,MX,10,0
LA ORQUIDEA,2,MX,11,0
LA ORQUIDEA,2,MX,12,0
LA ORQUIDEA,3,H,1,0
LA ORQUIDEA,3,H,2,0
LA ORQUIDEA,3,H,3,0
LA ORQUIDEA,3,H,4,0
LA ORQUIDEA,3,H,5,1
LA ORQUIDEA,3,H,6,0
LA ORQUIDEA,3,H,7,0
LA ORQUIDEA,3,H,8,0
LA ORQUIDEA,3,H,9,0
LA ORQUIDEA,3,H,10,0
LA ORQUIDEA,3,H,11,0
LA ORQUIDEA,3,H,12,0
MARGARITA,1,M,1,0
MARGARITA,1,M,2,0
MARGARITA,1,M,3,0
MARGARITA,1,M,4,0
MARGARITA,1,M,5,1
MARGARITA,1,M,6,0
MARGARITA,1,M,7,0
MARGARITA,1,M,8,0
MARGARITA,1,M,9,0
MARGARITA,1,M,10,0
MARGARITA,1,M,11,0
MARGARITA,1,M,12,0
MARGARITA,2,M,1,0
MARGARITA,2,M,2,0
MARGARITA,2,M,3,0
MARGARITA,2,M,4,0
MARGARITA,2,M,5,1
MARGARITA,2,M,6,0
MARGARITA,2,M,7,0
MARGARITA,2,M,8,0
MARGARITA,2,M,9,0
MARGARITA,2,M,10,0
MARGARITA,2,M,11,0
MARGARITA,2,M,12,0
MARGARITA,3,M,1,0
MARGARITA,3,M,2,0
MARGARITA,3,M,3,0
MARGARITA,3,M,4,0
MARGARITA,3,M,5,1
MARGARITA,3,M,6,0
MARGARITA,3,M,7,0
MARGARITA,3,M,8,0
MARGARITA,3,M,9,0
MARGARITA,3,M,10,0
MARGARITA,3,M,11,0
MARGARITA,3,M,12,0
MARGARITA,4,M,1,0
MARGARITA,4,M,2,0
MARGARITA,4,M,3,0
MARGARITA,4,M,4,0
MARGARITA,4,M,5,1
MARGARITA,4,M,6,0
MARGARITA,4,M,7,0
MARGARITA,4,M,8,0
MARGARITA,4,M,9,0
MARGARITA,4,M,10,0
MARGARITA,4,M,11,0
MARGARITA,4,M,12,0
TAMINANGO,1,M,1,0
TAMINANGO,1,M,2,0
TAMINANGO,1,M,3,0
TAMINANGO,1,M,4,0
TAMINANGO,1,M,5,0
TAMINANGO,1,M,6,1
TAMINANGO,1,M,7,0
TAMINANGO,1,M,8,0
TAMINANGO,1,M,9,0
TAMINANGO,1,M,10,0
TAMINANGO,1,M,11,0
TAMINANGO,1,M,12,0
TAMINANGO,2,M,1,0
TAMINANGO,2,M,2,0
TAMINANGO,2,M,3,1
TAMINANGO,2,M,4,0
TAMINANGO,2,M,5,0
TAMINANGO,2,M,6,0
TAMINANGO,2,M,7,0
TAMINANGO,2,M,8,0
TAMINANGO,2,M,9,0
TAMINANGO,2,M,10,0
TAMINANGO,2,M,11,0
TAMINANGO,2,M,12,0
TAMINANGO,3,M,1,0
TAMINANGO,3,M,2,0
TAMINANGO,3,M,3,1
TAMINANGO,3,M,4,0
TAMINANGO,3,M,5,0
TAMINANGO,3,M,6,0
TAMINANGO,3,M,7,0
TAMINANGO,3,M,8,0
TAMINANGO,3,M,9,0
TAMINANGO,3,M,10,0
TAMINANGO,3,M,11,0
TAMINANGO,3,M,12,0
TAMINANGO,4,M,1,0
TAMINANGO,4,M,2,0
TAMINANGO,4,M,3,0
TAMINANGO,4,M,4,0
TAMINANGO,4,M,5,0
TAMINANGO,4,M,6,1
TAMINANGO,4,M,7,0
TAMINANGO,4,M,8,0
TAMINANGO,4,M,9,0
TAMINANGO,4,M,10,0
TAMINANGO,4,M,11,0
TAMINANGO,4,M,12,0
SAN BUENO,1,M,1,0
SAN BUENO,1,M,2,0
SAN BUENO,1,M,3,0
SAN BUENO,1,M,4,1
SAN BUENO,1,M,5,0
SAN BUENO,1,M,6,0
SAN BUENO,1,M,7,0
SAN BUENO,1,M,8,0
SAN BUENO,1,M,9,0
SAN BUENO,1,M,10,0
SAN BUENO,1,M,11,0
SAN BUENO,1,M,12,0
SAN BUENO,2,M,1,0
SAN BUENO,2,M,2,0
SAN BUENO,2,M,3,0
SAN BUENO,2,M,4,0
SAN BUENO,2,M,5,1
SAN BUENO,2,M,6,0
SAN BUENO,2,M,7,0
SAN BUENO,2,M,8,0
SAN BUENO,2,M,9,0
SAN BUENO,2,M,10,0
SAN BUENO,2,M,11,0
SAN BUENO,2,M,12,0
SAN BUENO,3,M,1,0
SAN BUENO,3,M,2,0
SAN BUENO,3,M,3,0
SAN BUENO,3,M,4,0
SAN BUENO,3,M,5,0
SAN BUENO,3,M,6,0
SAN BUENO,3,M,7,0
SAN BUENO,3,M,8,0
SAN BUENO,3,M,9,0
SAN BUENO,3,M,10,1
SAN BUENO,3,M,11,0
SAN BUENO,3,M,12,0
SAN BUENO,4,M,1,0
SAN BUENO,4,M,2,0
SAN BUENO,4,M,3,0
SAN BUENO,4,M,4,0
SAN BUENO,4,M,5,0
SAN BUENO,4,M,6,0
SAN BUENO,4,M,7,0
SAN BUENO,4,M,8,0
SAN BUENO,4,M,9,0
SAN BUENO,4,M,10,1
SAN BUENO,4,M,11,0
SAN BUENO,4,M,12,0
SAN BUENO,4,H,1,0
SAN BUENO,4,H,2,0
SAN BUENO,4,H,3,0
SAN BUENO,4,H,4,0
SAN BUENO,4,H,5,0
SAN BUENO,4,H,6,0
SAN BUENO,4,H,7,0
SAN BUENO,4,H,8,0
SAN BUENO,4,H,9,0
SAN BUENO,4,H,10,0
SAN BUENO,4,H,11,0
SAN BUENO,4,H,12,0
SAN BUENO,5,M,1,0
SAN BUENO,5,M,2,0
SAN BUENO,5,M,3,0
SAN BUENO,5,M,4,0
SAN BUENO,5,M,5,0
SAN BUENO,5,M,6,0
SAN BUENO,5,M,7,0
SAN BUENO,5,M,8,0
SAN BUENO,5,M,9,0
SAN BUENO,5,M,10,0
SAN BUENO,5,M,11,0
SAN BUENO,5,M,12,1
SAN BUENO,5,H,1,0
SAN BUENO,5,H,2,0
SAN BUENO,5,H,3,0
SAN BUENO,5,H,4,0
SAN BUENO,5,H,5,0
SAN BUENO,5,H,6,0
SAN BUENO,5,H,7,0
SAN BUENO,5,H,8,0
SAN BUENO,5,H,9,0
SAN BUENO,5,H,10,0
SAN BUENO,5,H,11,0
SAN BUENO,5,H,12,0
SAN BUENO,6,M,1,0
SAN BUENO,6,M,2,0
SAN BUENO,6,M,3,0
SAN BUENO,6,M,4,0
SAN BUENO,6,M,5,0
SAN BUENO,6,M,6,0
SAN BUENO,6,M,7,0
SAN BUENO,6,M,8,0
SAN BUENO,6,M,9,0
SAN BUENO,6,M,10,1
SAN BUENO,6,M,11,0
SAN BUENO,6,M,12,0
SAN BUENO,6,H,1,0
SAN BUENO,6,H,2,0
SAN BUENO,6,H,3,0
SAN BUENO,6,H,4,1
SAN BUENO,6,H,5,0
SAN BUENO,6,H,6,0
SAN BUENO,6,H,7,0
SAN BUENO,6,H,8,0
SAN BUENO,6,H,9,0
SAN BUENO,6,H,10,0
SAN BUENO,6,H,11,0
SAN BUENO,6,H,12,0
SAN BUENO,7,M,1,0
SAN BUENO,7,M,2,0
SAN BUENO,7,M,3,0
SAN BUENO,7,M,4,0
SAN BUENO,7,M,5,0
SAN BUENO,7,M,6,0
SAN BUENO,7,M,7,0
SAN BUENO,7,M,8,1
SAN BUENO,7,M,9,0
SAN BUENO,7,M,10,0
SAN BUENO,7,M,11,0
SAN BUENO,7,M,12,0
SAN BUENO,7,H,1,0
SAN BUENO,7,H,2,0
SAN BUENO,7,H,3,0
SAN BUENO,7,H,4,1
SAN BUENO,7,H,5,0
SAN BUENO,7,H,6,0
SAN BUENO,7,H,7,0
SAN BUENO,7,H,8,0
SAN BUENO,7,H,9,0
SAN BUENO,7,H,10,0
SAN BUENO,7,H,11,0
SAN BUENO,7,H,12,0
SAN BUENO,8,H,1,0
SAN BUENO,8,H,2,0
SAN BUENO,8,H,3,0
SAN BUENO,8,H,4,0
SAN BUENO,8,H,5,0
SAN BUENO,8,H,6,0
SAN BUENO,8,H,7,0
SAN BUENO,8,H,8,1
SAN BUENO,8,H,9,0
SAN BUENO,8,H,10,0
SAN BUENO,8,H,11,0
SAN BUENO,8,H,12,0
EL MARMOL,1,H,1,0
EL MARMOL,1,H,2,0
EL MARMOL,1,H,3,0
EL MARMOL,1,H,4,0
EL MARMOL,1,H,5,0
EL MARMOL,1,H,6,0
EL MARMOL,1,H,7,0
EL MARMOL,1,H,8,0
EL MARMOL,1,H,9,0
EL MARMOL,1,H,10,0
EL MARMOL,1,H,11,0
EL MARMOL,1,H,12,0
EL MARMOL,2,M,1,0
EL MARMOL,2,M,2,0
EL MARMOL,2,M,3,1
EL MARMOL,2,M,4,0
EL MARMOL,2,M,5,0
EL MARMOL,2,M,6,0
EL MARMOL,2,M,7,0
EL MARMOL,2,M,8,0
EL MARMOL,2,M,9,0
EL MARMOL,2,M,10,0
EL MARMOL,2,M,11,0
EL MARMOL,2,M,12,0
SANTA MONICA,1,M,1,0
SANTA MONICA,1,M,2,0
SANTA MONICA,1,M,3,0
SANTA MONICA,1,M,4,0
SANTA MONICA,1,M,5,0
SANTA MONICA,1,M,6,0
SANTA MONICA,1,M,7,0
SANTA MONICA,1,M,8,1
SANTA MONICA,1,M,9,0
SANTA MONICA,1,M,10,0
SANTA MONICA,1,M,11,0
SANTA MONICA,1,M,12,0
SANTA MONICA,1,H,1,0
SANTA MONICA,1,H,2,0
SANTA MONICA,1,H,3,1
SANTA MONICA,1,H,4,0
SANTA MONICA,1,H,5,0
SANTA MONICA,1,H,6,0
SANTA MONICA,1,H,7,0
SANTA MONICA,1,H,8,0
SANTA MONICA,1,H,9,0
SANTA MONICA,1,H,10,0
SANTA MONICA,1,H,11,0
SANTA MONICA,1,H,12,0
SANTA MONICA,2,M,1,0
SANTA MONICA,2,M,2,0
SANTA MONICA,2,M,3,0
SANTA MONICA,2,M,4,0
SANTA MONICA,2,M,5,0
SANTA MONICA,2,M,6,0
SANTA MONICA,2,M,7,0
SANTA MONICA,2,M,8,0
SANTA MONICA,2,M,9,0
SANTA MONICA,2,M,10,1
SANTA MONICA,2,M,11,0
SANTA MONICA,2,M,12,0
SANTA MONICA,2,H,1,0
SANTA MONICA,2,H,2,1
SANTA MONICA,2,H,3,0
SANTA MONICA,2,H,4,0
SANTA MONICA,2,H,5,0
SANTA MONICA,2,H,6,0
SANTA MONICA,2,H,7,0
SANTA MONICA,2,H,8,0
SANTA MONICA,2,H,9,0
SANTA MONICA,2,H,10,0
SANTA MONICA,2,H,11,0
SANTA MONICA,2,H,12,0
SANTA MONICA,3,M,1,0
SANTA MONICA,3,M,2,0
SANTA MONICA,3,M,3,0
SANTA MONICA,3,M,4,0
SANTA MONICA,3,M,5,0
SANTA MONICA,3,M,6,0
SANTA MONICA,3,M,7,1
SANTA MONICA,3,M,8,0
SANTA MONICA,3,M,9,0
SANTA MONICA,3,M,10,0
SANTA MONICA,3,M,11,0
SANTA MONICA,3,M,12,0
SANTA MONICA,3,H,1,0
SANTA MONICA,3,H,2,0
SANTA MONICA,3,H,3,1
SANTA MONICA,3,H,4,0
SANTA MONICA,3,H,5,0
SANTA MONICA,3,H,6,0
SANTA MONICA,3,H,7,0
SANTA MONICA,3,H,8,0
SANTA MONICA,3,H,9,0
SANTA MONICA,3,H,10,0
SANTA MONICA,3,H,11,0
SANTA MONICA,3,H,12,0
SANTA MONICA,4,M,1,0
SANTA MONICA,4,M,2,0
SANTA MONICA,4,M,3,0
SANTA MONICA,4,M,4,0
SANTA MONICA,4,M,5,0
SANTA MONICA,4,M,6,0
SANTA MONICA,4,M,7,1
SANTA MONICA,4,M,8,0
SANTA MONICA,4,M,9,0
SANTA MONICA,4,M,10,0
SANTA MONICA,4,M,11,0
SANTA MONICA,4,M,12,0
SANTA MONICA,4,H,1,0
SANTA MONICA,4,H,2,0
SANTA MONICA,4,H,3,0
SANTA MONICA,4,H,4,0
SANTA MONICA,4,H,5,0
SANTA MONICA,4,H,6,0
SANTA MONICA,4,H,7,0
SANTA MONICA,4,H,8,0
SANTA MONICA,4,H,9,0
SANTA MONICA,4,H,10,0
SANTA MONICA,4,H,11,0
SANTA MONICA,4,H,12,1
SANTA MONICA,5,M,1,0
SANTA MONICA,5,M,2,0
SANTA MONICA,5,M,3,0
SANTA MONICA,5,M,4,0
SANTA MONICA,5,M,5,0
SANTA MONICA,5,M,6,0
SANTA MONICA,5,M,7,0
SANTA MONICA,5,M,8,0
SANTA MONICA,5,M,9,0
SANTA MONICA,5,M,10,0
SANTA MONICA,5,M,11,1
SANTA MONICA,5,M,12,0
SANTA MONICA,5,H,1,0
SANTA MONICA,5,H,2,0
SANTA MONICA,5,H,3,0
SANTA MONICA,5,H,4,0
SANTA MONICA,5,H,5,1
SANTA MONICA,5,H,6,0
SANTA MONICA,5,H,7,0
SANTA MONICA,5,H,8,0
SANTA MONICA,5,H,9,0
SANTA MONICA,5,H,10,0
SANTA MONICA,5,H,11,0
SANTA MONICA,5,H,12,0
SANTA MONICA,6,M,1,0
SANTA MONICA,6,M,2,0
SANTA MONICA,6,M,3,0
SANTA MONICA,6,M,4,0
SANTA MONICA,6,M,5,0
SANTA MONICA,6,M,6,0
SANTA MONICA,6,M,7,0
SANTA MONICA,6,M,8,0
SANTA MONICA,6,M,9,1
SANTA MONICA,6,M,10,0
SANTA MONICA,6,M,11,0
SANTA MONICA,6,M,12,0
SANTA MONICA,6,H,1,0
SANTA MONICA,6,H,2,0
SANTA MONICA,6,H,3,0
SANTA MONICA,6,H,4,0
SANTA MONICA,6,H,5,1
SANTA MONICA,6,H,6,0
SANTA MONICA,6,H,7,0
SANTA MONICA,6,H,8,0
SANTA MONICA,6,H,9,0
SANTA MONICA,6,H,10,0
SANTA MONICA,6,H,11,0
SANTA MONICA,6,H,12,0
SANTA MONICA,7,M,1,0
SANTA MONICA,7,M,2,0
SANTA MONICA,7,M,3,0
SANTA MONICA,7,M,4,0
SANTA MONICA,7,M,5,0
SANTA MONICA,7,M,6,0
SANTA MONICA,7,M,7,0
SANTA MONICA,7,M,8,0
SANTA MONICA,7,M,9,0
SANTA MONICA,7,M,10,0
SANTA MONICA,7,M,11,1
SANTA MONICA,7,M,12,0
SANTA MONICA,7,H,1,0
SANTA MONICA,7,H,2,0
SANTA MONICA,7,H,3,0
SANTA MONICA,7,H,4,0
SANTA MONICA,7,H,5,0
SANTA MONICA,7,H,6,0
SANTA MONICA,7,H,7,0
SANTA MONICA,7,H,8,0
SANTA MONICA,7,H,9,0
SANTA MONICA,7,H,10,0
SANTA MONICA,7,H,11,0
SANTA MONICA,7,H,12,0
SANTA MONICA,8,M,1,0
SANTA MONICA,8,M,2,0
SANTA MONICA,8,M,3,0
SANTA MONICA,8,M,4,0
SANTA MONICA,8,M,5,0
SANTA MONICA,8,M,6,0
SANTA MONICA,8,M,7,0
SANTA MONICA,8,M,8,0
SANTA MONICA,8,M,9,0
SANTA MONICA,8,M,10,0
SANTA MONICA,8,M,11,0
SANTA MONICA,8,M,12,1
SANTA MONICA,8,H,1,0
SANTA MONICA,8,H,2,0
SANTA MONICA,8,H,3,0
SANTA MONICA,8,H,4,0
SANTA MONICA,8,H,5,0
SANTA MONICA,8,H,6,0
SANTA MONICA,8,H,7,0
SANTA MONICA,8,H,8,0
SANTA MONICA,8,H,9,0
SANTA MONICA,8,H,10,0
SANTA MONICA,8,H,11,0
SANTA MONICA,8,H,12,1
SANTA MONICA,9,M,1,0
SANTA MONICA,9,M,2,0
SANTA MONICA,9,M,3,0
SANTA MONICA,9,M,4,0
SANTA MONICA,9,M,5,0
SANTA MONICA,9,M,6,0
SANTA MONICA,9,M,7,0
SANTA MONICA,9,M,8,0
SANTA MONICA,9,M,9,0
SANTA MONICA,9,M,10,0
SANTA MONICA,9,M,11,1
SANTA MONICA,9,M,12,0
SANTA MONICA,9,H,1,0
SANTA MONICA,9,H,2,0
SANTA MONICA,9,H,3,0
SANTA MONICA,9,H,4,0
SANTA MONICA,9,H,5,0
SANTA MONICA,9,H,6,0
SANTA MONICA,9,H,7,0
SANTA MONICA,9,H,8,1
SANTA MONICA,9,H,9,0
SANTA MONICA,9,H,10,0
SANTA MONICA,9,H,11,0
SANTA MONICA,9,H,12,0
SANTA MONICA,10,M,1,0
SANTA MONICA,10,M,2,0
SANTA MONICA,10,M,3,0
SANTA MONICA,10,M,4,0
SANTA MONICA,10,M,5,0
SANTA MONICA,10,M,6,0
SANTA MONICA,10,M,7,0
SANTA MONICA,10,M,8,0
SANTA MONICA,10,M,9,1
SANTA MONICA,10,M,10,0
SANTA MONICA,10,M,11,0
SANTA MONICA,10,M,12,0
SANTA MONICA,10,H,1,0
SANTA MONICA,10,H,2,0
SANTA MONICA,10,H,3,1
SANTA MONICA,10,H,4,0
SANTA MONICA,10,H,5,0
SANTA MONICA,10,H,6,0
SANTA MONICA,10,H,7,0
SANTA MONICA,10,H,8,0
SANTA MONICA,10,H,9,0
SANTA MONICA,10,H,10,0
SANTA MONICA,10,H,11,0
SANTA MONICA,10,H,12,0
SANTA MONICA,11,M,1,0
SANTA MONICA,11,M,2,0
SANTA MONICA,11,M,3,0
SANTA MONICA,11,M,4,0
SANTA MONICA,11,M,5,0
SANTA MONICA,11,M,6,0
SANTA MONICA,11,M,7,0
SANTA MONICA,11,M,8,0
SANTA MONICA,11,M,9,0
SANTA MONICA,11,M,10,1
SANTA MONICA,11,M,11,0
SANTA MONICA,11,M,12,0
SANTA MONICA,11,H,1,0
SANTA MONICA,11,H,2,0
SANTA MONICA,11,H,3,0
SANTA MONICA,11,H,4,0
SANTA MONICA,11,H,5,0
SANTA MONICA,11,H,6,0
SANTA MONICA,11,H,7,0
SANTA MONICA,11,H,8,0
SANTA MONICA,11,H,9,0
SANTA MONICA,11,H,10,0
SANTA MONICA,11,H,11,0
SANTA MONICA,11,H,12,0
EL MARMOL,3,M,1,0
EL MARMOL,3,M,2,0
EL MARMOL,3,M,3,0
EL MARMOL,3,M,4,1
EL MARMOL,3,M,5,0
EL MARMOL,3,M,6,0
EL MARMOL,3,M,7,0
EL MARMOL,3,M,8,0
EL MARMOL,3,M,9,0
EL MARMOL,3,M,10,0
EL MARMOL,3,M,11,0
EL MARMOL,3,M,12,0
EL MARMOL,4,H,1,0
EL MARMOL,4,H,2,0
EL MARMOL,4,H,3,0
EL MARMOL,4,H,4,0
EL MARMOL,4,H,5,0
EL MARMOL,4,H,6,0
EL MARMOL,4,H,7,0
EL MARMOL,4,H,8,0
EL MARMOL,4,H,9,0
EL MARMOL,4,H,10,0
EL MARMOL,4,H,11,0
EL MARMOL,4,H,12,0
EL MARMOL,5,H,1,0
EL MARMOL,5,H,2,0
EL MARMOL,5,H,3,0
EL MARMOL,5,H,4,0
EL MARMOL,5,H,5,0
EL MARMOL,5,H,6,0
EL MARMOL,5,H,7,0
EL MARMOL,5,H,8,0
EL MARMOL,5,H,9,0
EL MARMOL,5,H,10,0
EL MARMOL,5,H,11,0
EL MARMOL,5,H,12,0
CETEC SANTA ROSA,1,MX,1,0
CETEC SANTA ROSA,1,MX,2,0
CETEC SANTA ROSA,1,MX,3,0
CETEC SANTA ROSA,1,MX,4,0
CETEC SANTA ROSA,1,MX,5,0
CETEC SANTA ROSA,1,MX,6,0
CETEC SANTA ROSA,1,MX,7,0
CETEC SANTA ROSA,1,MX,8,0
CETEC SANTA ROSA,1,MX,9,0
CETEC SANTA ROSA,1,MX,10,0
CETEC SANTA ROSA,1,MX,11,0
CETEC SANTA ROSA,1,MX,12,0
CETEC SANTA ROSA,2,MX,1,0
CETEC SANTA ROSA,2,MX,2,0
CETEC SANTA ROSA,2,MX,3,0
CETEC SANTA ROSA,2,MX,4,0
CETEC SANTA ROSA,2,MX,5,0
CETEC SANTA ROSA,2,MX,6,0
CETEC SANTA ROSA,2,MX,7,0
CETEC SANTA ROSA,2,MX,8,0
CETEC SANTA ROSA,2,MX,9,0
CETEC SANTA ROSA,2,MX,10,0
CETEC SANTA ROSA,2,MX,11,0
CETEC SANTA ROSA,2,MX,12,0
CETEC SANTA ROSA,3,MX,1,0
CETEC SANTA ROSA,3,MX,2,0
CETEC SANTA ROSA,3,MX,3,0
CETEC SANTA ROSA,3,MX,4,0
CETEC SANTA ROSA,3,MX,5,0
CETEC SANTA ROSA,3,MX,6,0
CETEC SANTA ROSA,3,MX,7,0
CETEC SANTA ROSA,3,MX,8,0
CETEC SANTA ROSA,3,MX,9,0
CETEC SANTA ROSA,3,MX,10,0
CETEC SANTA ROSA,3,MX,11,0
CETEC SANTA ROSA,3,MX,12,0
CETEC SANTA ROSA,4,MX,1,0
CETEC SANTA ROSA,4,MX,2,0
CETEC SANTA ROSA,4,MX,3,0
CETEC SANTA ROSA,4,MX,4,0
CETEC SANTA ROSA,4,MX,5,0
CETEC SANTA ROSA,4,MX,6,0
CETEC SANTA ROSA,4,MX,7,0
CETEC SANTA ROSA,4,MX,8,0
CETEC SANTA ROSA,4,MX,9,1
CETEC SANTA ROSA,4,MX,10,0
CETEC SANTA ROSA,4,MX,11,0
CETEC SANTA ROSA,4,MX,12,0
CETEC SANTA ROSA,5,MX,1,0
CETEC SANTA ROSA,5,MX,2,0
CETEC SANTA ROSA,5,MX,3,0
CETEC SANTA ROSA,5,MX,4,1
CETEC SANTA ROSA,5,MX,5,0
CETEC SANTA ROSA,5,MX,6,0
CETEC SANTA ROSA,5,MX,7,0
CETEC SANTA ROSA,5,MX,8,0
CETEC SANTA ROSA,5,MX,9,0
CETEC SANTA ROSA,5,MX,10,0
CETEC SANTA ROSA,5,MX,11,0
CETEC SANTA ROSA,5,MX,12,0
CETEC SANTA ROSA,6,MX,1,0
CETEC SANTA ROSA,6,MX,2,0
CETEC SANTA ROSA,6,MX,3,0
CETEC SANTA ROSA,6,MX,4,1
CETEC SANTA ROSA,6,MX,5,0
CETEC SANTA ROSA,6,MX,6,0
CETEC SANTA ROSA,6,MX,7,0
CETEC SANTA ROSA,6,MX,8,0
CETEC SANTA ROSA,6,MX,9,0
CETEC SANTA ROSA,6,MX,10,0
CETEC SANTA ROSA,6,MX,11,0
CETEC SANTA ROSA,6,MX,12,0
VALLE DE ORO,1,M,1,0
VALLE DE ORO,1,M,2,0
VALLE DE ORO,1,M,3,0
VALLE DE ORO,1,M,4,0
VALLE DE ORO,1,M,5,0
VALLE DE ORO,1,M,6,0
VALLE DE ORO,1,M,7,0
VALLE DE ORO,1,M,8,1
VALLE DE ORO,1,M,9,0
VALLE DE ORO,1,M,10,0
VALLE DE ORO,1,M,11,0
VALLE DE ORO,1,M,12,0
VALLE DE ORO,1,H,1,0
VALLE DE ORO,1,H,2,0
VALLE DE ORO,1,H,3,0
VALLE DE ORO,1,H,4,0
VALLE DE ORO,1,H,5,0
VALLE DE ORO,1,H,6,0
VALLE DE ORO,1,H,7,0
VALLE DE ORO,1,H,8,0
VALLE DE ORO,1,H,9,0
VALLE DE ORO,1,H,10,0
VALLE DE ORO,1,H,11,0
VALLE DE ORO,1,H,12,0
VALLE DE ORO,2,M,1,0
VALLE DE ORO,2,M,2,0
VALLE DE ORO,2,M,3,0
VALLE DE ORO,2,M,4,0
VALLE DE ORO,2,M,5,0
VALLE DE ORO,2,M,6,0
VALLE DE ORO,2,M,7,0
VALLE DE ORO,2,M,8,1
VALLE DE ORO,2,M,9,0
VALLE DE ORO,2,M,10,0
VALLE DE ORO,2,M,11,0
VALLE DE ORO,2,M,12,0
VALLE DE ORO,2,H,1,0
VALLE DE ORO,2,H,2,0
VALLE DE ORO,2,H,3,0
VALLE DE ORO,2,H,4,0
VALLE DE ORO,2,H,5,0
VALLE DE ORO,2,H,6,0
VALLE DE ORO,2,H,7,0
VALLE DE ORO,2,H,8,0
VALLE DE ORO,2,H,9,0
VALLE DE ORO,2,H,10,0
VALLE DE ORO,2,H,11,0
VALLE DE ORO,2,H,12,0
VALLE DE ORO,3,M,1,0
VALLE DE ORO,3,M,2,0
VALLE DE ORO,3,M,3,0
VALLE DE ORO,3,M,4,0
VALLE DE ORO,3,M,5,0
VALLE DE ORO,3,M,6,0
VALLE DE ORO,3,M,7,0
VALLE DE ORO,3,M,8,0
VALLE DE ORO,3,M,9,0
VALLE DE ORO,3,M,10,0
VALLE DE ORO,3,M,11,1
VALLE DE ORO,3,M,12,0
VALLE DE ORO,3,H,1,0
VALLE DE ORO,3,H,2,0
VALLE DE ORO,3,H,3,1
VALLE DE ORO,3,H,4,0
VALLE DE ORO,3,H,5,0
VALLE DE ORO,3,H,6,0
VALLE DE ORO,3,H,7,0
VALLE DE ORO,3,H,8,0
VALLE DE ORO,3,H,9,0
VALLE DE ORO,3,H,10,0
VALLE DE ORO,3,H,11,0
VALLE DE ORO,3,H,12,0
VALLE DE ORO,4,M,1,0
VALLE DE ORO,4,M,2,0
VALLE DE ORO,4,M,3,0
VALLE DE ORO,4,M,4,0
VALLE DE ORO,4,M,5,0
VALLE DE ORO,4,M,6,0
VALLE DE ORO,4,M,7,0
VALLE DE ORO,4,M,8,0
VALLE DE ORO,4,M,9,0
VALLE DE ORO,4,M,10,1
VALLE DE ORO,4,M,11,0
VALLE DE ORO,4,M,12,0
VALLE DE ORO,4,H,1,0
VALLE DE ORO,4,H,2,0
VALLE DE ORO,4,H,3,0
VALLE DE ORO,4,H,4,0
VALLE DE ORO,4,H,5,0
VALLE DE ORO,4,H,6,0
VALLE DE ORO,4,H,7,0
VALLE DE ORO,4,H,8,0
VALLE DE ORO,4,H,9,0
VALLE DE ORO,4,H,10,0
VALLE DE ORO,4,H,11,0
VALLE DE ORO,4,H,12,0
VALLE DE ORO,5,M,1,0
VALLE DE ORO,5,M,2,0
VALLE DE ORO,5,M,3,0
VALLE DE ORO,5,M,4,0
VALLE DE ORO,5,M,5,0
VALLE DE ORO,5,M,6,0
VALLE DE ORO,5,M,7,0
VALLE DE ORO,5,M,8,0
VALLE DE ORO,5,M,9,0
VALLE DE ORO,5,M,10,0
VALLE DE ORO,5,M,11,1
VALLE DE ORO,5,M,12,0
VALLE DE ORO,5,H,1,1
VALLE DE ORO,5,H,2,0
VALLE DE ORO,5,H,3,0
VALLE DE ORO,5,H,4,0
VALLE DE ORO,5,H,5,0
VALLE DE ORO,5,H,6,0
VALLE DE ORO,5,H,7,0
VALLE DE ORO,5,H,8,0
VALLE DE ORO,5,H,9,0
VALLE DE ORO,5,H,10,0
VALLE DE ORO,5,H,11,0
VALLE DE ORO,5,H,12,0
VALLE DE ORO,6,M,1,0
VALLE DE ORO,6,M,2,0
VALLE DE ORO,6,M,3,0
VALLE DE ORO,6,M,4,0
VALLE DE ORO,6,M,5,0
VALLE DE ORO,6,M,6,0
VALLE DE ORO,6,M,7,0
VALLE DE ORO,6,M,8,0
VALLE DE ORO,6,M,9,0
VALLE DE ORO,6,M,10,1
VALLE DE ORO,6,M,11,0
VALLE DE ORO,6,M,12,0
VALLE DE ORO,6,H,1,0
VALLE DE ORO,6,H,2,0
VALLE DE ORO,6,H,3,0
VALLE DE ORO,6,H,4,0
VALLE DE ORO,6,H,5,0
VALLE DE ORO,6,H,6,0
VALLE DE ORO,6,H,7,0
VALLE DE ORO,6,H,8,1
VALLE DE ORO,6,H,9,0
VALLE DE ORO,6,H,10,0
VALLE DE ORO,6,H,11,0
VALLE DE ORO,6,H,12,0
VALLE DE ORO,7,M,1,0
VALLE DE ORO,7,M,2,0
VALLE DE ORO,7,M,3,0
VALLE DE ORO,7,M,4,0
VALLE DE ORO,7,M,5,0
VALLE DE ORO,7,M,6,0
VALLE DE ORO,7,M,7,1
VALLE DE ORO,7,M,8,0
VALLE DE ORO,7,M,9,0
VALLE DE ORO,7,M,10,0
VALLE DE ORO,7,M,11,0
VALLE DE ORO,7,M,12,0
VALLE DE ORO,7,H,1,1
VALLE DE ORO,7,H,2,0
VALLE DE ORO,7,H,3,0
VALLE DE ORO,7,H,4,0
VALLE DE ORO,7,H,5,0
VALLE DE ORO,7,H,6,0
VALLE DE ORO,7,H,7,0
VALLE DE ORO,7,H,8,0
VALLE DE ORO,7,H,9,0
VALLE DE ORO,7,H,10,0
VALLE DE ORO,7,H,11,0
VALLE DE ORO,7,H,12,0
VALLE DE ORO,8,M,1,0
VALLE DE ORO,8,M,2,0
VALLE DE ORO,8,M,3,0
VALLE DE ORO,8,M,4,0
VALLE DE ORO,8,M,5,0
VALLE DE ORO,8,M,6,0
VALLE DE ORO,8,M,7,0
VALLE DE ORO,8,M,8,0
VALLE DE ORO,8,M,9,1
VALLE DE ORO,8,M,10,0
VALLE DE ORO,8,M,11,0
VALLE DE ORO,8,M,12,0
VALLE DE ORO,8,H,1,0
VALLE DE ORO,8,H,2,0
VALLE DE ORO,8,H,3,0
VALLE DE ORO,8,H,4,0
VALLE DE ORO,8,H,5,0
VALLE DE ORO,8,H,6,0
VALLE DE ORO,8,H,7,0
VALLE DE ORO,8,H,8,0
VALLE DE ORO,8,H,9,0
VALLE DE ORO,8,H,10,0
VALLE DE ORO,8,H,11,0
VALLE DE ORO,8,H,12,0
VALLE DE ORO,9,M,1,0
VALLE DE ORO,9,M,2,0
VALLE DE ORO,9,M,3,0
VALLE DE ORO,9,M,4,0
VALLE DE ORO,9,M,5,0
VALLE DE ORO,9,M,6,0
VALLE DE ORO,9,M,7,0
VALLE DE ORO,9,M,8,0
VALLE DE ORO,9,M,9,1
VALLE DE ORO,9,M,10,0
VALLE DE ORO,9,M,11,0
VALLE DE ORO,9,M,12,0
VALLE DE ORO,9,H,1,0
VALLE DE ORO,9,H,2,0
VALLE DE ORO,9,H,3,0
VALLE DE ORO,9,H,4,0
VALLE DE ORO,9,H,5,0
VALLE DE ORO,9,H,6,0
VALLE DE ORO,9,H,7,0
VALLE DE ORO,9,H,8,0
VALLE DE ORO,9,H,9,0
VALLE DE ORO,9,H,10,0
VALLE DE ORO,9,H,11,0
VALLE DE ORO,9,H,12,0
VALLE DE ORO,10,M,1,0
VALLE DE ORO,10,M,2,0
VALLE DE ORO,10,M,3,0
VALLE DE ORO,10,M,4,0
VALLE DE ORO,10,M,5,0
VALLE DE ORO,10,M,6,0
VALLE DE ORO,10,M,7,0
VALLE DE ORO,10,M,8,1
VALLE DE ORO,10,M,9,0
VALLE DE ORO,10,M,10,0
VALLE DE ORO,10,M,11,0
VALLE DE ORO,10,M,12,0
VALLE DE ORO,10,H,1,1
VALLE DE ORO,10,H,2,0
VALLE DE ORO,10,H,3,0
VALLE DE ORO,10,H,4,0
VALLE DE ORO,10,H,5,0
VALLE DE ORO,10,H,6,0
VALLE DE ORO,10,H,7,0
VALLE DE ORO,10,H,8,0
VALLE DE ORO,10,H,9,0
VALLE DE ORO,10,H,10,0
VALLE DE ORO,10,H,11,0
VALLE DE ORO,10,H,12,0
CARACOLI,1,M,1,0
CARACOLI,1,M,2,0
CARACOLI,1,M,3,0
CARACOLI,1,M,4,1
CARACOLI,1,M,5,0
CARACOLI,1,M,6,0
CARACOLI,1,M,7,0
CARACOLI,1,M,8,0
CARACOLI,1,M,9,0
CARACOLI,1,M,10,0
CARACOLI,1,M,11,0
CARACOLI,1,M,12,0
CARACOLI,1,H,1,0
CARACOLI,1,H,2,0
CARACOLI,1,H,3,0
CARACOLI,1,H,4,0
CARACOLI,1,H,5,0
CARACOLI,1,H,6,1
CARACOLI,1,H,7,0
CARACOLI,1,H,8,0
CARACOLI,1,H,9,0
CARACOLI,1,H,10,0
CARACOLI,1,H,11,0
CARACOLI,1,H,12,0
CARACOLI,2,M,1,0
CARACOLI,2,M,2,0
CARACOLI,2,M,3,0
CARACOLI,2,M,4,0
CARACOLI,2,M,5,0
CARACOLI,2,M,6,1
CARACOLI,2,M,7,0
CARACOLI,2,M,8,0
CARACOLI,2,M,9,0
CARACOLI,2,M,10,0
CARACOLI,2,M,11,0
CARACOLI,2,M,12,0
CARACOLI,2,H,1,0
CARACOLI,2,H,2,0
CARACOLI,2,H,3,0
CARACOLI,2,H,4,0
CARACOLI,2,H,5,0
CARACOLI,2,H,6,0
CARACOLI,2,H,7,0
CARACOLI,2,H,8,0
CARACOLI,2,H,9,0
CARACOLI,2,H,10,0
CARACOLI,2,H,11,0
CARACOLI,2,H,12,1
LA JUANA,4,M,1,0
LA JUANA,4,M,2,0
LA JUANA,4,M,3,0
LA JUANA,4,M,4,0
LA JUANA,4,M,5,0
LA JUANA,4,M,6,0
LA JUANA,4,M,7,0
LA JUANA,4,M,8,0
LA JUANA,4,M,9,0
LA JUANA,4,M,10,1
LA JUANA,4,M,11,0
LA JUANA,4,M,12,0
LA JUANA,4,H,1,0
LA JUANA,4,H,2,0
LA JUANA,4,H,3,0
LA JUANA,4,H,4,0
LA JUANA,4,H,5,0
LA JUANA,4,H,6,0
LA JUANA,4,H,7,0
LA JUANA,4,H,8,0
LA JUANA,4,H,9,0
LA JUANA,4,H,10,0
LA JUANA,4,H,11,0
LA JUANA,4,H,12,0
LA JUANA,5,M,1,0
LA JUANA,5,M,2,0
LA JUANA,5,M,3,0
LA JUANA,5,M,4,0
LA JUANA,5,M,5,0
LA JUANA,5,M,6,0
LA JUANA,5,M,7,0
LA JUANA,5,M,8,0
LA JUANA,5,M,9,0
LA JUANA,5,M,10,1
LA JUANA,5,M,11,0
LA JUANA,5,M,12,0
LA JUANA,5,H,1,0
LA JUANA,5,H,2,0
LA JUANA,5,H,3,0
LA JUANA,5,H,4,0
LA JUANA,5,H,5,0
LA JUANA,5,H,6,0
LA JUANA,5,H,7,0
LA JUANA,5,H,8,0
LA JUANA,5,H,9,0
LA JUANA,5,H,10,0
LA JUANA,5,H,11,0
LA JUANA,5,H,12,0
RECREO,1,M,1,0
RECREO,1,M,2,0
RECREO,1,M,3,0
RECREO,1,M,4,0
RECREO,1,M,5,0
RECREO,1,M,6,0
RECREO,1,M,7,0
RECREO,1,M,8,0
RECREO,1,M,9,0
RECREO,1,M,10,0
RECREO,1,M,11,0
RECREO,1,M,12,1
RECREO,1,H,1,0
RECREO,1,H,2,0
RECREO,1,H,3,0
RECREO,1,H,4,1
RECREO,1,H,5,0
RECREO,1,H,6,0
RECREO,1,H,7,0
RECREO,1,H,8,0
RECREO,1,H,9,0
RECREO,1,H,10,0
RECREO,1,H,11,0
RECREO,1,H,12,0
RECREO,2,M,1,0
RECREO,2,M,2,0
RECREO,2,M,3,0
RECREO,2,M,4,0
RECREO,2,M,5,0
RECREO,2,M,6,0
RECREO,2,M,7,0
RECREO,2,M,8,1
RECREO,2,M,9,0
RECREO,2,M,10,0
RECREO,2,M,11,0
RECREO,2,M,12,0
RECREO,2,H,1,0
RECREO,2,H,2,0
RECREO,2,H,3,0
RECREO,2,H,4,1
RECREO,2,H,5,0
RECREO,2,H,6,0
RECREO,2,H,7,0
RECREO,2,H,8,0
RECREO,2,H,9,0
RECREO,2,H,10,0
RECREO,2,H,11,0
RECREO,2,H,12,0
RECREO,3,M,1,0
RECREO,3,M,2,0
RECREO,3,M,3,0
RECREO,3,M,4,0
RECREO,3,M,5,0
RECREO,3,M,6,0
RECREO,3,M,7,0
RECREO,3,M,8,0
RECREO,3,M,9,1
RECREO,3,M,10,0
RECREO,3,M,11,0
RECREO,3,M,12,0
RECREO,4,M,1,0
RECREO,4,M,2,0
RECREO,4,M,3,0
RECREO,4,M,4,0
RECREO,4,M,5,0
RECREO,4,M,6,0
RECREO,4,M,7,0
RECREO,4,M,8,0
RECREO,4,M,9,1
RECREO,4,M,10,0
RECREO,4,M,11,0
RECREO,4,M,12,0
RECREO,5,H,1,0
RECREO,5,H,2,0
RECREO,5,H,3,0
RECREO,5,H,4,0
RECREO,5,H,5,0
RECREO,5,H,6,0
RECREO,5,H,7,0
RECREO,5,H,8,0
RECREO,5,H,9,0
RECREO,5,H,10,0
RECREO,5,H,11,0
RECREO,5,H,12,0
RECREO,6,H,1,0
RECREO,6,H,2,0
RECREO,6,H,3,1
RECREO,6,H,4,0
RECREO,6,H,5,0
RECREO,6,H,6,0
RECREO,6,H,7,0
RECREO,6,H,8,0
RECREO,6,H,9,0
RECREO,6,H,10,0
RECREO,6,H,11,0
RECREO,6,H,12,0
ALBORADA,1,H,1,0
ALBORADA,1,H,2,0
ALBORADA,1,H,3,0
ALBORADA,1,H,4,0
ALBORADA,1,H,5,0
ALBORADA,1,H,6,0
ALBORADA,1,H,7,0
ALBORADA,1,H,8,0
ALBORADA,1,H,9,0
ALBORADA,1,H,10,0
ALBORADA,1,H,11,0
ALBORADA,1,H,12,0
ALBORADA,2,H,1,0
ALBORADA,2,H,2,0
ALBORADA,2,H,3,0
ALBORADA,2,H,4,0
ALBORADA,2,H,5,1
ALBORADA,2,H,6,0
ALBORADA,2,H,7,0
ALBORADA,2,H,8,0
ALBORADA,2,H,9,0
ALBORADA,2,H,10,0
ALBORADA,2,H,11,0
ALBORADA,2,H,12,0
ALBORADA,3,M,1,0
ALBORADA,3,M,2,0
ALBORADA,3,M,3,0
ALBORADA,3,M,4,0
ALBORADA,3,M,5,1
ALBORADA,3,M,6,0
ALBORADA,3,M,7,0
ALBORADA,3,M,8,0
ALBORADA,3,M,9,0
ALBORADA,3,M,10,0
ALBORADA,3,M,11,0
ALBORADA,3,M,12,0
ALBORADA,4,M,1,0
ALBORADA,4,M,2,0
ALBORADA,4,M,3,0
ALBORADA,4,M,4,0
ALBORADA,4,M,5,0
ALBORADA,4,M,6,0
ALBORADA,4,M,7,0
ALBORADA,4,M,8,0
ALBORADA,4,M,9,0
ALBORADA,4,M,10,0
ALBORADA,4,M,11,0
ALBORADA,4,M,12,0
DON SEBASTIAN,1,M,1,0
DON SEBASTIAN,1,M,2,0
DON SEBASTIAN,1,M,3,0
DON SEBASTIAN,1,M,4,0
DON SEBASTIAN,1,M,5,1
DON SEBASTIAN,1,M,6,0
DON SEBASTIAN,1,M,7,0
DON SEBASTIAN,1,M,8,0
DON SEBASTIAN,1,M,9,0
DON SEBASTIAN,1,M,10,0
DON SEBASTIAN,1,M,11,0
DON SEBASTIAN,1,M,12,0
DON SEBASTIAN,2,H,1,0
DON SEBASTIAN,2,H,2,0
DON SEBASTIAN,2,H,3,0
DON SEBASTIAN,2,H,4,0
DON SEBASTIAN,2,H,5,0
DON SEBASTIAN,2,H,6,0
DON SEBASTIAN,2,H,7,0
DON SEBASTIAN,2,H,8,0
DON SEBASTIAN,2,H,9,0
DON SEBASTIAN,2,H,10,0
DON SEBASTIAN,2,H,11,0
DON SEBASTIAN,2,H,12,1
DON SEBASTIAN,3,H,1,0
DON SEBASTIAN,3,H,2,0
DON SEBASTIAN,3,H,3,0
DON SEBASTIAN,3,H,4,0
DON SEBASTIAN,3,H,5,0
DON SEBASTIAN,3,H,6,0
DON SEBASTIAN,3,H,7,1
DON SEBASTIAN,3,H,8,0
DON SEBASTIAN,3,H,9,0
DON SEBASTIAN,3,H,10,0
DON SEBASTIAN,3,H,11,0
DON SEBASTIAN,3,H,12,0
DON SEBASTIAN,4,M,1,0
DON SEBASTIAN,4,M,2,0
DON SEBASTIAN,4,M,3,0
DON SEBASTIAN,4,M,4,1
DON SEBASTIAN,4,M,5,0
DON SEBASTIAN,4,M,6,0
DON SEBASTIAN,4,M,7,0
DON SEBASTIAN,4,M,8,0
DON SEBASTIAN,4,M,9,0
DON SEBASTIAN,4,M,10,0
DON SEBASTIAN,4,M,11,0
DON SEBASTIAN,4,M,12,0
DON SEBASTIAN,4,H,1,0
DON SEBASTIAN,4,H,2,0
DON SEBASTIAN,4,H,3,0
DON SEBASTIAN,4,H,4,0
DON SEBASTIAN,4,H,5,0
DON SEBASTIAN,4,H,6,0
DON SEBASTIAN,4,H,7,0
DON SEBASTIAN,4,H,8,0
DON SEBASTIAN,4,H,9,0
DON SEBASTIAN,4,H,10,0
DON SEBASTIAN,4,H,11,1
DON SEBASTIAN,4,H,12,0
DON SEBASTIAN,5,M,1,0
DON SEBASTIAN,5,M,2,0
DON SEBASTIAN,5,M,3,1
DON SEBASTIAN,5,M,4,0
DON SEBASTIAN,5,M,5,0
DON SEBASTIAN,5,M,6,0
DON SEBASTIAN,5,M,7,0
DON SEBASTIAN,5,M,8,0
DON SEBASTIAN,5,M,9,0
DON SEBASTIAN,5,M,10,0
DON SEBASTIAN,5,M,11,0
DON SEBASTIAN,5,M,12,0
DON SEBASTIAN,5,H,1,0
DON SEBASTIAN,5,H,2,0
DON SEBASTIAN,5,H,3,0
DON SEBASTIAN,5,H,4,0
DON SEBASTIAN,5,H,5,0
DON SEBASTIAN,5,H,6,0
DON SEBASTIAN,5,H,7,0
DON SEBASTIAN,5,H,8,0
DON SEBASTIAN,5,H,9,0
DON SEBASTIAN,5,H,10,0
DON SEBASTIAN,5,H,11,0
DON SEBASTIAN,5,H,12,0
DON SEBASTIAN,6,M,1,0
DON SEBASTIAN,6,M,2,0
DON SEBASTIAN,6,M,3,0
DON SEBASTIAN,6,M,4,0
DON SEBASTIAN,6,M,5,1
DON SEBASTIAN,6,M,6,0
DON SEBASTIAN,6,M,7,0
DON SEBASTIAN,6,M,8,0
DON SEBASTIAN,6,M,9,0
DON SEBASTIAN,6,M,10,0
DON SEBASTIAN,6,M,11,0
DON SEBASTIAN,6,M,12,0
DON SEBASTIAN,6,H,1,0
DON SEBASTIAN,6,H,2,0
DON SEBASTIAN,6,H,3,0
DON SEBASTIAN,6,H,4,0
DON SEBASTIAN,6,H,5,0
DON SEBASTIAN,6,H,6,0
DON SEBASTIAN,6,H,7,0
DON SEBASTIAN,6,H,8,1
DON SEBASTIAN,6,H,9,0
DON SEBASTIAN,6,H,10,0
DON SEBASTIAN,6,H,11,0
DON SEBASTIAN,6,H,12,0
EL EDEN,8,M,1,0
EL EDEN,8,M,2,0
EL EDEN,8,M,3,0
EL EDEN,8,M,4,0
EL EDEN,8,M,5,0
EL EDEN,8,M,6,0
EL EDEN,8,M,7,0
EL EDEN,8,M,8,0
EL EDEN,8,M,9,0
EL EDEN,8,M,10,0
EL EDEN,8,M,11,0
EL EDEN,8,M,12,0
EL EDEN,8,H,1,0
EL EDEN,8,H,2,0
EL EDEN,8,H,3,0
EL EDEN,8,H,4,0
EL EDEN,8,H,5,1
EL EDEN,8,H,6,0
EL EDEN,8,H,7,0
EL EDEN,8,H,8,0
EL EDEN,8,H,9,0
EL EDEN,8,H,10,0
EL EDEN,8,H,11,0
EL EDEN,8,H,12,0
EL EDEN,9,M,1,0
EL EDEN,9,M,2,0
EL EDEN,9,M,3,0
EL EDEN,9,M,4,0
EL EDEN,9,M,5,0
EL EDEN,9,M,6,0
EL EDEN,9,M,7,0
EL EDEN,9,M,8,0
EL EDEN,9,M,9,0
EL EDEN,9,M,10,0
EL EDEN,9,M,11,0
EL EDEN,9,M,12,0
EL EDEN,9,H,1,0
EL EDEN,9,H,2,1
EL EDEN,9,H,3,0
EL EDEN,9,H,4,0
EL EDEN,9,H,5,0
EL EDEN,9,H,6,0
EL EDEN,9,H,7,0
EL EDEN,9,H,8,0
EL EDEN,9,H,9,0
EL EDEN,9,H,10,0
EL EDEN,9,H,11,0
EL EDEN,9,H,12,0
EL EDEN,10,M,1,0
EL EDEN,10,M,2,0
EL EDEN,10,M,3,0
EL EDEN,10,M,4,0
EL EDEN,10,M,5,0
EL EDEN,10,M,6,0
EL EDEN,10,M,7,0
EL EDEN,10,M,8,0
EL EDEN,10,M,9,0
EL EDEN,10,M,10,0
EL EDEN,10,M,11,0
EL EDEN,10,M,12,0
EL EDEN,10,H,1,0
EL EDEN,10,H,2,0
EL EDEN,10,H,3,0
EL EDEN,10,H,4,0
EL EDEN,10,H,5,1
EL EDEN,10,H,6,0
EL EDEN,10,H,7,0
EL EDEN,10,H,8,0
EL EDEN,10,H,9,0
EL EDEN,10,H,10,0
EL EDEN,10,H,11,0
EL EDEN,10,H,12,0
EL EDEN,11,M,1,0
EL EDEN,11,M,2,0
EL EDEN,11,M,3,0
EL EDEN,11,M,4,0
EL EDEN,11,M,5,0
EL EDEN,11,M,6,0
EL EDEN,11,M,7,0
EL EDEN,11,M,8,0
EL EDEN,11,M,9,0
EL EDEN,11,M,10,0
EL EDEN,11,M,11,0
EL EDEN,11,M,12,0
EL EDEN,11,H,1,0
EL EDEN,11,H,2,0
EL EDEN,11,H,3,0
EL EDEN,11,H,4,0
EL EDEN,11,H,5,1
EL EDEN,11,H,6,0
EL EDEN,11,H,7,0
EL EDEN,11,H,8,0
EL EDEN,11,H,9,0
EL EDEN,11,H,10,0
EL EDEN,11,H,11,0
EL EDEN,11,H,12,0
LA JUANA,1,H,1,1
LA JUANA,1,H,2,0
LA JUANA,1,H,3,0
LA JUANA,1,H,4,0
LA JUANA,1,H,5,0
LA JUANA,1,H,6,0
LA JUANA,1,H,7,0
LA JUANA,1,H,8,0
LA JUANA,1,H,9,0
LA JUANA,1,H,10,0
LA JUANA,1,H,11,0
LA JUANA,1,H,12,0
LA JUANA,2,M,1,0
LA JUANA,2,M,2,0
LA JUANA,2,M,3,0
LA JUANA,2,M,4,0
LA JUANA,2,M,5,0
LA JUANA,2,M,6,0
LA JUANA,2,M,7,0
LA JUANA,2,M,8,0
LA JUANA,2,M,9,0
LA JUANA,2,M,10,0
LA JUANA,2,M,11,0
LA JUANA,2,M,12,0
LA JUANA,3,M,1,0
LA JUANA,3,M,2,0
LA JUANA,3,M,3,0
LA JUANA,3,M,4,0
LA JUANA,3,M,5,0
LA JUANA,3,M,6,0
LA JUANA,3,M,7,0
LA JUANA,3,M,8,0
LA JUANA,3,M,9,0
LA JUANA,3,M,10,0
LA JUANA,3,M,11,0
LA JUANA,3,M,12,0
LA JUANA,3,H,1,0
LA JUANA,3,H,2,1
LA JUANA,3,H,3,0
LA JUANA,3,H,4,0
LA JUANA,3,H,5,0
LA JUANA,3,H,6,0
LA JUANA,3,H,7,0
LA JUANA,3,H,8,0
LA JUANA,3,H,9,0
LA JUANA,3,H,10,0
LA JUANA,3,H,11,0
LA JUANA,3,H,12,0
LA GUAQUITA,2,M,1,0
LA GUAQUITA,2,M,2,0
LA GUAQUITA,2,M,3,0
LA GUAQUITA,2,M,4,0
LA GUAQUITA,2,M,5,0
LA GUAQUITA,2,M,6,0
LA GUAQUITA,2,M,7,0
LA GUAQUITA,2,M,8,0
LA GUAQUITA,2,M,9,0
LA GUAQUITA,2,M,10,0
LA GUAQUITA,2,M,11,0
LA GUAQUITA,2,M,12,0
LA GUAQUITA,3,H,1,0
LA GUAQUITA,3,H,2,0
LA GUAQUITA,3,H,3,0
LA GUAQUITA,3,H,4,0
LA GUAQUITA,3,H,5,0
LA GUAQUITA,3,H,6,0
LA GUAQUITA,3,H,7,0
LA GUAQUITA,3,H,8,0
LA GUAQUITA,3,H,9,0
LA GUAQUITA,3,H,10,0
LA GUAQUITA,3,H,11,0
LA GUAQUITA,3,H,12,0
MONTE OSCURO,5,M,1,0
MONTE OSCURO,5,M,2,0
MONTE OSCURO,5,M,3,0
MONTE OSCURO,5,M,4,0
MONTE OSCURO,5,M,5,0
MONTE OSCURO,5,M,6,0
MONTE OSCURO,5,M,7,0
MONTE OSCURO,5,M,8,0
MONTE OSCURO,5,M,9,0
MONTE OSCURO,5,M,10,0
MONTE OSCURO,5,M,11,0
MONTE OSCURO,5,M,12,0
MONTE OSCURO,5,H,1,0
MONTE OSCURO,5,H,2,0
MONTE OSCURO,5,H,3,0
MONTE OSCURO,5,H,4,0
MONTE OSCURO,5,H,5,0
MONTE OSCURO,5,H,6,0
MONTE OSCURO,5,H,7,0
MONTE OSCURO,5,H,8,0
MONTE OSCURO,5,H,9,0
MONTE OSCURO,5,H,10,0
MONTE OSCURO,5,H,11,0
MONTE OSCURO,5,H,12,0
MONTE OSCURO,6,M,1,0
MONTE OSCURO,6,M,2,0
MONTE OSCURO,6,M,3,0
MONTE OSCURO,6,M,4,0
MONTE OSCURO,6,M,5,0
MONTE OSCURO,6,M,6,0
MONTE OSCURO,6,M,7,0
MONTE OSCURO,6,M,8,0
MONTE OSCURO,6,M,9,0
MONTE OSCURO,6,M,10,0
MONTE OSCURO,6,M,11,0
MONTE OSCURO,6,M,12,0
MONTE OSCURO,6,H,1,0
MONTE OSCURO,6,H,2,0
MONTE OSCURO,6,H,3,0
MONTE OSCURO,6,H,4,0
MONTE OSCURO,6,H,5,0
MONTE OSCURO,6,H,6,0
MONTE OSCURO,6,H,7,0
MONTE OSCURO,6,H,8,0
MONTE OSCURO,6,H,9,0
MONTE OSCURO,6,H,10,0
MONTE OSCURO,6,H,11,0
MONTE OSCURO,6,H,12,0
MONTE OSCURO,1,M,1,0
MONTE OSCURO,1,M,2,0
MONTE OSCURO,1,M,3,0
MONTE OSCURO,1,M,4,0
MONTE OSCURO,1,M,5,0
MONTE OSCURO,1,M,6,0
MONTE OSCURO,1,M,7,0
MONTE OSCURO,1,M,8,0
MONTE OSCURO,1,M,9,0
MONTE OSCURO,1,M,10,0
MONTE OSCURO,1,M,11,0
MONTE OSCURO,1,M,12,0
MONTE OSCURO,1,H,1,0
MONTE OSCURO,1,H,2,1
MONTE OSCURO,1,H,3,0
MONTE OSCURO,1,H,4,0
MONTE OSCURO,1,H,5,0
MONTE OSCURO,1,H,6,0
MONTE OSCURO,1,H,7,0
MONTE OSCURO,1,H,8,0
MONTE OSCURO,1,H,9,0
MONTE OSCURO,1,H,10,0
MONTE OSCURO,1,H,11,0
MONTE OSCURO,1,H,12,0
MONTE OSCURO,2,M,1,0
MONTE OSCURO,2,M,2,0
MONTE OSCURO,2,M,3,0
MONTE OSCURO,2,M,4,0
MONTE OSCURO,2,M,5,0
MONTE OSCURO,2,M,6,0
MONTE OSCURO,2,M,7,0
MONTE OSCURO,2,M,8,0
MONTE OSCURO,2,M,9,0
MONTE OSCURO,2,M,10,0
MONTE OSCURO,2,M,11,0
MONTE OSCURO,2,M,12,0
MONTE OSCURO,2,H,1,0
MONTE OSCURO,2,H,2,0
MONTE OSCURO,2,H,3,0
MONTE OSCURO,2,H,4,0
MONTE OSCURO,2,H,5,1
MONTE OSCURO,2,H,6,0
MONTE OSCURO,2,H,7,0
MONTE OSCURO,2,H,8,0
MONTE OSCURO,2,H,9,0
MONTE OSCURO,2,H,10,0
MONTE OSCURO,2,H,11,0
MONTE OSCURO,2,H,12,0
MONTE OSCURO,3,M,1,0
MONTE OSCURO,3,M,2,0
MONTE OSCURO,3,M,3,0
MONTE OSCURO,3,M,4,0
MONTE OSCURO,3,M,5,0
MONTE OSCURO,3,M,6,0
MONTE OSCURO,3,M,7,0
MONTE OSCURO,3,M,8,0
MONTE OSCURO,3,M,9,0
MONTE OSCURO,3,M,10,0
MONTE OSCURO,3,M,11,0
MONTE OSCURO,3,M,12,0
MONTE OSCURO,3,H,1,0
MONTE OSCURO,3,H,2,1
MONTE OSCURO,3,H,3,0
MONTE OSCURO,3,H,4,0
MONTE OSCURO,3,H,5,0
MONTE OSCURO,3,H,6,0
MONTE OSCURO,3,H,7,0
MONTE OSCURO,3,H,8,0
MONTE OSCURO,3,H,9,0
MONTE OSCURO,3,H,10,0
MONTE OSCURO,3,H,11,0
MONTE OSCURO,3,H,12,0
MONTE OSCURO,4,M,1,0
MONTE OSCURO,4,M,2,0
MONTE OSCURO,4,M,3,0
MONTE OSCURO,4,M,4,0
MONTE OSCURO,4,M,5,0
MONTE OSCURO,4,M,6,0
MONTE OSCURO,4,M,7,0
MONTE OSCURO,4,M,8,0
MONTE OSCURO,4,M,9,0
MONTE OSCURO,4,M,10,0
MONTE OSCURO,4,M,11,0
MONTE OSCURO,4,M,12,0
MONTE OSCURO,4,H,1,0
MONTE OSCURO,4,H,2,0
MONTE OSCURO,4,H,3,0
MONTE OSCURO,4,H,4,0
MONTE OSCURO,4,H,5,0
MONTE OSCURO,4,H,6,0
MONTE OSCURO,4,H,7,0
MONTE OSCURO,4,H,8,0
MONTE OSCURO,4,H,9,0
MONTE OSCURO,4,H,10,0
MONTE OSCURO,4,H,11,0
MONTE OSCURO,4,H,12,0
ABISINIA,1,M,1,0
ABISINIA,1,M,2,0
ABISINIA,1,M,3,0
ABISINIA,1,M,4,0
ABISINIA,1,M,5,0
ABISINIA,1,M,6,0
ABISINIA,1,M,7,0
ABISINIA,1,M,8,0
ABISINIA,1,M,9,0
ABISINIA,1,M,10,0
ABISINIA,1,M,11,0
ABISINIA,1,M,12,0
ABISINIA,2,M,1,0
ABISINIA,2,M,2,0
ABISINIA,2,M,3,0
ABISINIA,2,M,4,0
ABISINIA,2,M,5,0
ABISINIA,2,M,6,0
ABISINIA,2,M,7,0
ABISINIA,2,M,8,0
ABISINIA,2,M,9,0
ABISINIA,2,M,10,0
ABISINIA,2,M,11,0
ABISINIA,2,M,12,0
ABISINIA,3,H,1,0
ABISINIA,3,H,2,0
ABISINIA,3,H,3,0
ABISINIA,3,H,4,0
ABISINIA,3,H,5,0
ABISINIA,3,H,6,1
ABISINIA,3,H,7,0
ABISINIA,3,H,8,0
ABISINIA,3,H,9,0
ABISINIA,3,H,10,0
ABISINIA,3,H,11,0
ABISINIA,3,H,12,0
ABISINIA,4,H,1,0
ABISINIA,4,H,2,0
ABISINIA,4,H,3,0
ABISINIA,4,H,4,0
ABISINIA,4,H,5,0
ABISINIA,4,H,6,0
ABISINIA,4,H,7,0
ABISINIA,4,H,8,0
ABISINIA,4,H,9,0
ABISINIA,4,H,10,0
ABISINIA,4,H,11,0
ABISINIA,4,H,12,0
LA GUAQUITA,1,H,1,0
LA GUAQUITA,1,H,2,0
LA GUAQUITA,1,H,3,0
LA GUAQUITA,1,H,4,0
LA GUAQUITA,1,H,5,0
LA GUAQUITA,1,H,6,0
LA GUAQUITA,1,H,7,0
LA GUAQUITA,1,H,8,0
LA GUAQUITA,1,H,9,0
LA GUAQUITA,1,H,10,0
LA GUAQUITA,1,H,11,0
LA GUAQUITA,1,H,12,0
LA GUAQUITA,4,M,1,0
LA GUAQUITA,4,M,2,0
LA GUAQUITA,4,M,3,0
LA GUAQUITA,4,M,4,0
LA GUAQUITA,4,M,5,0
LA GUAQUITA,4,M,6,0
LA GUAQUITA,4,M,7,0
LA GUAQUITA,4,M,8,0
LA GUAQUITA,4,M,9,0
LA GUAQUITA,4,M,10,0
LA GUAQUITA,4,M,11,0
LA GUAQUITA,4,M,12,0
LA GUAQUITA,5,M,1,0
LA GUAQUITA,5,M,2,0
LA GUAQUITA,5,M,3,0
LA GUAQUITA,5,M,4,0
LA GUAQUITA,5,M,5,0
LA GUAQUITA,5,M,6,0
LA GUAQUITA,5,M,7,0
LA GUAQUITA,5,M,8,0
LA GUAQUITA,5,M,9,0
LA GUAQUITA,5,M,10,0
LA GUAQUITA,5,M,11,0
LA GUAQUITA,5,M,12,0
LA REINA,1,M,1,0
LA REINA,1,M,2,0
LA REINA,1,M,3,0
LA REINA,1,M,4,0
LA REINA,1,M,5,0
LA REINA,1,M,6,0
LA REINA,1,M,7,0
LA REINA,1,M,8,0
LA REINA,1,M,9,0
LA REINA,1,M,10,0
LA REINA,1,M,11,0
LA REINA,1,M,12,0
LA REINA,1,H,1,0
LA REINA,1,H,2,0
LA REINA,1,H,3,0
LA REINA,1,H,4,0
LA REINA,1,H,5,0
LA REINA,1,H,6,0
LA REINA,1,H,7,0
LA REINA,1,H,8,0
LA REINA,1,H,9,0
LA REINA,1,H,10,0
LA REINA,1,H,11,0
LA REINA,1,H,12,0
ABISINIA,5,M,1,0
ABISINIA,5,M,2,0
ABISINIA,5,M,3,0
ABISINIA,5,M,4,0
ABISINIA,5,M,5,0
ABISINIA,5,M,6,0
ABISINIA,5,M,7,0
ABISINIA,5,M,8,0
ABISINIA,5,M,9,0
ABISINIA,5,M,10,0
ABISINIA,5,M,11,0
ABISINIA,5,M,12,0
ABISINIA,5,H,1,0
ABISINIA,5,H,2,0
ABISINIA,5,H,3,0
ABISINIA,5,H,4,0
ABISINIA,5,H,5,0
ABISINIA,5,H,6,0
ABISINIA,5,H,7,0
ABISINIA,5,H,8,0
ABISINIA,5,H,9,0
ABISINIA,5,H,10,0
ABISINIA,5,H,11,0
ABISINIA,5,H,12,0
ABISINIA,6,M,1,0
ABISINIA,6,M,2,0
ABISINIA,6,M,3,0
ABISINIA,6,M,4,0
ABISINIA,6,M,5,0
ABISINIA,6,M,6,0
ABISINIA,6,M,7,0
ABISINIA,6,M,8,0
ABISINIA,6,M,9,0
ABISINIA,6,M,10,0
ABISINIA,6,M,11,0
ABISINIA,6,M,12,0
ABISINIA,6,H,1,0
ABISINIA,6,H,2,0
ABISINIA,6,H,3,0
ABISINIA,6,H,4,0
ABISINIA,6,H,5,0
ABISINIA,6,H,6,0
ABISINIA,6,H,7,0
ABISINIA,6,H,8,0
ABISINIA,6,H,9,0
ABISINIA,6,H,10,0
ABISINIA,6,H,11,0
ABISINIA,6,H,12,0
ABISINIA,7,M,1,0
ABISINIA,7,M,2,0
ABISINIA,7,M,3,0
ABISINIA,7,M,4,0
ABISINIA,7,M,5,0
ABISINIA,7,M,6,0
ABISINIA,7,M,7,0
ABISINIA,7,M,8,0
ABISINIA,7,M,9,0
ABISINIA,7,M,10,0
ABISINIA,7,M,11,0
ABISINIA,7,M,12,0
ABISINIA,7,H,1,0
ABISINIA,7,H,2,0
ABISINIA,7,H,3,0
ABISINIA,7,H,4,0
ABISINIA,7,H,5,0
ABISINIA,7,H,6,0
ABISINIA,7,H,7,1
ABISINIA,7,H,8,0
ABISINIA,7,H,9,0
ABISINIA,7,H,10,0
ABISINIA,7,H,11,0
ABISINIA,7,H,12,0
ABISINIA,8,M,1,0
ABISINIA,8,M,2,0
ABISINIA,8,M,3,0
ABISINIA,8,M,4,0
ABISINIA,8,M,5,0
ABISINIA,8,M,6,0
ABISINIA,8,M,7,0
ABISINIA,8,M,8,0
ABISINIA,8,M,9,0
ABISINIA,8,M,10,0
ABISINIA,8,M,11,0
ABISINIA,8,M,12,0
ABISINIA,8,H,1,0
ABISINIA,8,H,2,0
ABISINIA,8,H,3,0
ABISINIA,8,H,4,0
ABISINIA,8,H,5,0
ABISINIA,8,H,6,0
ABISINIA,8,H,7,0
ABISINIA,8,H,8,0
ABISINIA,8,H,9,0
ABISINIA,8,H,10,0
ABISINIA,8,H,11,0
ABISINIA,8,H,12,0
ABISINIA,9,M,1,0
ABISINIA,9,M,2,0
ABISINIA,9,M,3,0
ABISINIA,9,M,4,0
ABISINIA,9,M,5,0
ABISINIA,9,M,6,0
ABISINIA,9,M,7,0
ABISINIA,9,M,8,0
ABISINIA,9,M,9,0
ABISINIA,9,M,10,0
ABISINIA,9,M,11,0
ABISINIA,9,M,12,0
ABISINIA,9,H,1,0
ABISINIA,9,H,2,0
ABISINIA,9,H,3,0
ABISINIA,9,H,4,0
ABISINIA,9,H,5,0
ABISINIA,9,H,6,0
ABISINIA,9,H,7,0
ABISINIA,9,H,8,0
ABISINIA,9,H,9,0
ABISINIA,9,H,10,0
ABISINIA,9,H,11,0
ABISINIA,9,H,12,0
ABISINIA,10,M,1,0
ABISINIA,10,M,2,0
ABISINIA,10,M,3,0
ABISINIA,10,M,4,0
ABISINIA,10,M,5,0
ABISINIA,10,M,6,0
ABISINIA,10,M,7,0
ABISINIA,10,M,8,0
ABISINIA,10,M,9,0
ABISINIA,10,M,10,0
ABISINIA,10,M,11,0
ABISINIA,10,M,12,0
ABISINIA,10,H,1,0
ABISINIA,10,H,2,0
ABISINIA,10,H,3,0
ABISINIA,10,H,4,0
ABISINIA,10,H,5,0
ABISINIA,10,H,6,0
ABISINIA,10,H,7,0
ABISINIA,10,H,8,0
ABISINIA,10,H,9,1
ABISINIA,10,H,10,0
ABISINIA,10,H,11,0
ABISINIA,10,H,12,0
CETEC ESCUELA VERDE,1,MX,1,0
CETEC ESCUELA VERDE,1,MX,2,0
CETEC ESCUELA VERDE,1,MX,3,0
CETEC ESCUELA VERDE,1,MX,4,0
CETEC ESCUELA VERDE,1,MX,5,0
CETEC ESCUELA VERDE,1,MX,6,1
CETEC ESCUELA VERDE,1,MX,7,0
CETEC ESCUELA VERDE,1,MX,8,0
CETEC ESCUELA VERDE,1,MX,9,0
CETEC ESCUELA VERDE,1,MX,10,0
CETEC ESCUELA VERDE,1,MX,11,0
CETEC ESCUELA VERDE,1,MX,12,0
CETEC ESCUELA VERDE,2,MX,1,0
CETEC ESCUELA VERDE,2,MX,2,0
CETEC ESCUELA VERDE,2,MX,3,0
CETEC ESCUELA VERDE,2,MX,4,0
CETEC ESCUELA VERDE,2,MX,5,0
CETEC ESCUELA VERDE,2,MX,6,0
CETEC ESCUELA VERDE,2,MX,7,0
CETEC ESCUELA VERDE,2,MX,8,0
CETEC ESCUELA VERDE,2,MX,9,0
CETEC ESCUELA VERDE,2,MX,10,0
CETEC ESCUELA VERDE,2,MX,11,0
CETEC ESCUELA VERDE,2,MX,12,0
EL ENCANTO,1,H,1,0
EL ENCANTO,1,H,2,0
EL ENCANTO,1,H,3,0
EL ENCANTO,1,H,4,0
EL ENCANTO,1,H,5,0
EL ENCANTO,1,H,6,0
EL ENCANTO,1,H,7,0
EL ENCANTO,1,H,8,0
EL ENCANTO,1,H,9,0
EL ENCANTO,1,H,10,0
EL ENCANTO,1,H,11,0
EL ENCANTO,1,H,12,0
EL ENCANTO,2,H,1,0
EL ENCANTO,2,H,2,0
EL ENCANTO,2,H,3,0
EL ENCANTO,2,H,4,0
EL ENCANTO,2,H,5,0
EL ENCANTO,2,H,6,0
EL ENCANTO,2,H,7,0
EL ENCANTO,2,H,8,0
EL ENCANTO,2,H,9,0
EL ENCANTO,2,H,10,0
EL ENCANTO,2,H,11,0
EL ENCANTO,2,H,12,0
EL ENCANTO,3,H,1,0
EL ENCANTO,3,H,2,0
EL ENCANTO,3,H,3,0
EL ENCANTO,3,H,4,0
EL ENCANTO,3,H,5,0
EL ENCANTO,3,H,6,0
EL ENCANTO,3,H,7,0
EL ENCANTO,3,H,8,0
EL ENCANTO,3,H,9,0
EL ENCANTO,3,H,10,0
EL ENCANTO,3,H,11,0
EL ENCANTO,3,H,12,0
EL ENCANTO,4,H,1,0
EL ENCANTO,4,H,2,0
EL ENCANTO,4,H,3,0
EL ENCANTO,4,H,4,0
EL ENCANTO,4,H,5,0
EL ENCANTO,4,H,6,0
EL ENCANTO,4,H,7,0
EL ENCANTO,4,H,8,0
EL ENCANTO,4,H,9,0
EL ENCANTO,4,H,10,0
EL ENCANTO,4,H,11,0
EL ENCANTO,4,H,12,0
EL ENCANTO,5,H,1,0
EL ENCANTO,5,H,2,0
EL ENCANTO,5,H,3,0
EL ENCANTO,5,H,4,0
EL ENCANTO,5,H,5,0
EL ENCANTO,5,H,6,0
EL ENCANTO,5,H,7,0
EL ENCANTO,5,H,8,0
EL ENCANTO,5,H,9,0
EL ENCANTO,5,H,10,1
EL ENCANTO,5,H,11,0
EL ENCANTO,5,H,12,0
EL ENCANTO,7,M,1,0
EL ENCANTO,7,M,2,0
EL ENCANTO,7,M,3,0
EL ENCANTO,7,M,4,0
EL ENCANTO,7,M,5,0
EL ENCANTO,7,M,6,0
EL ENCANTO,7,M,7,0
EL ENCANTO,7,M,8,0
EL ENCANTO,7,M,9,0
EL ENCANTO,7,M,10,0
EL ENCANTO,7,M,11,0
EL ENCANTO,7,M,12,0
EL ENCANTO,8,M,1,0
EL ENCANTO,8,M,2,0
EL ENCANTO,8,M,3,0
EL ENCANTO,8,M,4,0
EL ENCANTO,8,M,5,0
EL ENCANTO,8,M,6,0
EL ENCANTO,8,M,7,0
EL ENCANTO,8,M,8,0
EL ENCANTO,8,M,9,0
EL ENCANTO,8,M,10,0
EL ENCANTO,8,M,11,0
EL ENCANTO,8,M,12,0
EL ENCANTO,9,M,1,0
EL ENCANTO,9,M,2,0
EL ENCANTO,9,M,3,0
EL ENCANTO,9,M,4,0
EL ENCANTO,9,M,5,0
EL ENCANTO,9,M,6,0
EL ENCANTO,9,M,7,0
EL ENCANTO,9,M,8,0
EL ENCANTO,9,M,9,0
EL ENCANTO,9,M,10,0
EL ENCANTO,9,M,11,0
EL ENCANTO,9,M,12,0
EL ENCANTO,17,M,1,0
EL ENCANTO,17,M,2,0
EL ENCANTO,17,M,3,0
EL ENCANTO,17,M,4,0
EL ENCANTO,17,M,5,0
EL ENCANTO,17,M,6,0
EL ENCANTO,17,M,7,0
EL ENCANTO,17,M,8,0
EL ENCANTO,17,M,9,0
EL ENCANTO,17,M,10,0
EL ENCANTO,17,M,11,0
EL ENCANTO,17,M,12,0
EL ENCANTO,17,H,1,0
EL ENCANTO,17,H,2,0
EL ENCANTO,17,H,3,0
EL ENCANTO,17,H,4,0
EL ENCANTO,17,H,5,1
EL ENCANTO,17,H,6,0
EL ENCANTO,17,H,7,0
EL ENCANTO,17,H,8,0
EL ENCANTO,17,H,9,0
EL ENCANTO,17,H,10,0
EL ENCANTO,17,H,11,0
EL ENCANTO,17,H,12,0
EL ENCANTO,18,M,1,0
EL ENCANTO,18,M,2,0
EL ENCANTO,18,M,3,0
EL ENCANTO,18,M,4,0
EL ENCANTO,18,M,5,0
EL ENCANTO,18,M,6,0
EL ENCANTO,18,M,7,0
EL ENCANTO,18,M,8,0
EL ENCANTO,18,M,9,0
EL ENCANTO,18,M,10,0
EL ENCANTO,18,M,11,0
EL ENCANTO,18,M,12,0
EL ENCANTO,18,H,1,0
EL ENCANTO,18,H,2,0
EL ENCANTO,18,H,3,0
EL ENCANTO,18,H,4,0
EL ENCANTO,18,H,5,0
EL ENCANTO,18,H,6,0
EL ENCANTO,18,H,7,0
EL ENCANTO,18,H,8,0
EL ENCANTO,18,H,9,0
EL ENCANTO,18,H,10,0
EL ENCANTO,18,H,11,0
EL ENCANTO,18,H,12,0
LA AMANDA,1,M,1,0
LA AMANDA,1,M,2,0
LA AMANDA,1,M,3,0
LA AMANDA,1,M,4,0
LA AMANDA,1,M,5,0
LA AMANDA,1,M,6,0
LA AMANDA,1,M,7,0
LA AMANDA,1,M,8,0
LA AMANDA,1,M,9,0
LA AMANDA,1,M,10,0
LA AMANDA,1,M,11,0
LA AMANDA,1,M,12,0
LA AMANDA,2,M,1,0
LA AMANDA,2,M,2,0
LA AMANDA,2,M,3,0
LA AMANDA,2,M,4,0
LA AMANDA,2,M,5,0
LA AMANDA,2,M,6,0
LA AMANDA,2,M,7,0
LA AMANDA,2,M,8,0
LA AMANDA,2,M,9,0
LA AMANDA,2,M,10,0
LA AMANDA,2,M,11,0
LA AMANDA,2,M,12,0
LA AMANDA,3,H,1,0
LA AMANDA,3,H,2,0
LA AMANDA,3,H,3,0
LA AMANDA,3,H,4,0
LA AMANDA,3,H,5,0
LA AMANDA,3,H,6,0
LA AMANDA,3,H,7,0
LA AMANDA,3,H,8,0
LA AMANDA,3,H,9,0
LA AMANDA,3,H,10,0
LA AMANDA,3,H,11,1
LA AMANDA,3,H,12,0
LA AMANDA,4,H,1,0
LA AMANDA,4,H,2,0
LA AMANDA,4,H,3,0
LA AMANDA,4,H,4,0
LA AMANDA,4,H,5,0
LA AMANDA,4,H,6,0
LA AMANDA,4,H,7,0
LA AMANDA,4,H,8,0
LA AMANDA,4,H,9,0
LA AMANDA,4,H,10,0
LA AMANDA,4,H,11,0
LA AMANDA,4,H,12,0
LA AMANDA,5,M,1,0
LA AMANDA,5,M,2,0
LA AMANDA,5,M,3,0
LA AMANDA,5,M,4,0
LA AMANDA,5,M,5,0
LA AMANDA,5,M,6,0
LA AMANDA,5,M,7,0
LA AMANDA,5,M,8,0
LA AMANDA,5,M,9,0
LA AMANDA,5,M,10,0
LA AMANDA,5,M,11,0
LA AMANDA,5,M,12,0
LA AMANDA,6,H,1,0
LA AMANDA,6,H,2,0
LA AMANDA,6,H,3,0
LA AMANDA,6,H,4,0
LA AMANDA,6,H,5,0
LA AMANDA,6,H,6,0
LA AMANDA,6,H,7,0
LA AMANDA,6,H,8,0
LA AMANDA,6,H,9,0
LA AMANDA,6,H,10,0
LA AMANDA,6,H,11,0
LA AMANDA,6,H,12,0
LA AMANDA,7,H,1,0
LA AMANDA,7,H,2,0
LA AMANDA,7,H,3,0
LA AMANDA,7,H,4,0
LA AMANDA,7,H,5,0
LA AMANDA,7,H,6,0
LA AMANDA,7,H,7,0
LA AMANDA,7,H,8,0
LA AMANDA,7,H,9,0
LA AMANDA,7,H,10,0
LA AMANDA,7,H,11,0
LA AMANDA,7,H,12,0
LA CABAÑITA,1,H,1,0
LA CABAÑITA,1,H,2,0
LA CABAÑITA,1,H,3,0
LA CABAÑITA,1,H,4,0
LA CABAÑITA,1,H,5,0
LA CABAÑITA,1,H,6,0
LA CABAÑITA,1,H,7,0
LA CABAÑITA,1,H,8,0
LA CABAÑITA,1,H,9,0
LA CABAÑITA,1,H,10,0
LA CABAÑITA,1,H,11,0
LA CABAÑITA,1,H,12,0
LA CABAÑITA,2,H,1,0
LA CABAÑITA,2,H,2,0
LA CABAÑITA,2,H,3,0
LA CABAÑITA,2,H,4,0
LA CABAÑITA,2,H,5,0
LA CABAÑITA,2,H,6,0
LA CABAÑITA,2,H,7,0
LA CABAÑITA,2,H,8,0
LA CABAÑITA,2,H,9,0
LA CABAÑITA,2,H,10,0
LA CABAÑITA,2,H,11,0
LA CABAÑITA,2,H,12,0
LA CABAÑITA,3,H,1,0
LA CABAÑITA,3,H,2,0
LA CABAÑITA,3,H,3,0
LA CABAÑITA,3,H,4,0
LA CABAÑITA,3,H,5,0
LA CABAÑITA,3,H,6,0
LA CABAÑITA,3,H,7,0
LA CABAÑITA,3,H,8,0
LA CABAÑITA,3,H,9,0
LA CABAÑITA,3,H,10,0
LA CABAÑITA,3,H,11,0
LA CABAÑITA,3,H,12,0
LA CABAÑITA,4,M,1,0
LA CABAÑITA,4,M,2,0
LA CABAÑITA,4,M,3,0
LA CABAÑITA,4,M,4,0
LA CABAÑITA,4,M,5,0
LA CABAÑITA,4,M,6,0
LA CABAÑITA,4,M,7,0
LA CABAÑITA,4,M,8,0
LA CABAÑITA,4,M,9,0
LA CABAÑITA,4,M,10,0
LA CABAÑITA,4,M,11,0
LA CABAÑITA,4,M,12,0
LA CABAÑITA,5,MX,1,0
LA CABAÑITA,5,MX,2,0
LA CABAÑITA,5,MX,3,0
LA CABAÑITA,5,MX,4,0
LA CABAÑITA,5,MX,5,0
LA CABAÑITA,5,MX,6,0
LA CABAÑITA,5,MX,7,0
LA CABAÑITA,5,MX,8,0
LA CABAÑITA,5,MX,9,0
LA CABAÑITA,5,MX,10,0
LA CABAÑITA,5,MX,11,0
LA CABAÑITA,5,MX,12,0
LA CABAÑITA,6,M,1,0
LA CABAÑITA,6,M,2,0
LA CABAÑITA,6,M,3,0
LA CABAÑITA,6,M,4,0
LA CABAÑITA,6,M,5,0
LA CABAÑITA,6,M,6,0
LA CABAÑITA,6,M,7,0
LA CABAÑITA,6,M,8,0
LA CABAÑITA,6,M,9,0
LA CABAÑITA,6,M,10,0
LA CABAÑITA,6,M,11,0
LA CABAÑITA,6,M,12,0
LA CABAÑITA,7,M,1,0
LA CABAÑITA,7,M,2,0
LA CABAÑITA,7,M,3,0
LA CABAÑITA,7,M,4,0
LA CABAÑITA,7,M,5,0
LA CABAÑITA,7,M,6,0
LA CABAÑITA,7,M,7,0
LA CABAÑITA,7,M,8,0
LA CABAÑITA,7,M,9,0
LA CABAÑITA,7,M,10,0
LA CABAÑITA,7,M,11,0
LA CABAÑITA,7,M,12,0
BUENOS AIRES,1,H,1,0
BUENOS AIRES,1,H,2,0
BUENOS AIRES,1,H,3,0
BUENOS AIRES,1,H,4,0
BUENOS AIRES,1,H,5,0
BUENOS AIRES,1,H,6,0
BUENOS AIRES,1,H,7,0
BUENOS AIRES,1,H,8,0
BUENOS AIRES,1,H,9,0
BUENOS AIRES,1,H,10,0
BUENOS AIRES,1,H,11,0
BUENOS AIRES,1,H,12,0
BUENOS AIRES,2,H,1,0
BUENOS AIRES,2,H,2,0
BUENOS AIRES,2,H,3,0
BUENOS AIRES,2,H,4,0
BUENOS AIRES,2,H,5,0
BUENOS AIRES,2,H,6,0
BUENOS AIRES,2,H,7,0
BUENOS AIRES,2,H,8,0
BUENOS AIRES,2,H,9,0
BUENOS AIRES,2,H,10,0
BUENOS AIRES,2,H,11,0
BUENOS AIRES,2,H,12,0
BUENOS AIRES,3,M,1,0
BUENOS AIRES,3,M,2,0
BUENOS AIRES,3,M,3,0
BUENOS AIRES,3,M,4,0
BUENOS AIRES,3,M,5,0
BUENOS AIRES,3,M,6,0
BUENOS AIRES,3,M,7,0
BUENOS AIRES,3,M,8,0
BUENOS AIRES,3,M,9,0
BUENOS AIRES,3,M,10,0
BUENOS AIRES,3,M,11,0
BUENOS AIRES,3,M,12,0
BUENOS AIRES,6,M,1,0
BUENOS AIRES,6,M,2,0
BUENOS AIRES,6,M,3,0
BUENOS AIRES,6,M,4,0
BUENOS AIRES,6,M,5,0
BUENOS AIRES,6,M,6,0
BUENOS AIRES,6,M,7,0
BUENOS AIRES,6,M,8,0
BUENOS AIRES,6,M,9,0
BUENOS AIRES,6,M,10,0
BUENOS AIRES,6,M,11,0
BUENOS AIRES,6,M,12,0
BUENOS AIRES,7,H,1,0
BUENOS AIRES,7,H,2,0
BUENOS AIRES,7,H,3,0
BUENOS AIRES,7,H,4,0
BUENOS AIRES,7,H,5,0
BUENOS AIRES,7,H,6,0
BUENOS AIRES,7,H,7,0
BUENOS AIRES,7,H,8,0
BUENOS AIRES,7,H,9,0
BUENOS AIRES,7,H,10,0
BUENOS AIRES,7,H,11,0
BUENOS AIRES,7,H,12,0
EL ENCANTO,6,M,1,0
EL ENCANTO,6,M,2,0
EL ENCANTO,6,M,3,0
EL ENCANTO,6,M,4,0
EL ENCANTO,6,M,5,0
EL ENCANTO,6,M,6,0
EL ENCANTO,6,M,7,0
EL ENCANTO,6,M,8,0
EL ENCANTO,6,M,9,0
EL ENCANTO,6,M,10,0
EL ENCANTO,6,M,11,0
EL ENCANTO,6,M,12,0
EL ENCANTO,6,H,1,0
EL ENCANTO,6,H,2,0
EL ENCANTO,6,H,3,0
EL ENCANTO,6,H,4,0
EL ENCANTO,6,H,5,0
EL ENCANTO,6,H,6,0
EL ENCANTO,6,H,7,0
EL ENCANTO,6,H,8,0
EL ENCANTO,6,H,9,0
EL ENCANTO,6,H,10,0
EL ENCANTO,6,H,11,0
EL ENCANTO,6,H,12,0
EL ENCANTO,10,M,1,0
EL ENCANTO,10,M,2,0
EL ENCANTO,10,M,3,0
EL ENCANTO,10,M,4,0
EL ENCANTO,10,M,5,0
EL ENCANTO,10,M,6,0
EL ENCANTO,10,M,7,0
EL ENCANTO,10,M,8,0
EL ENCANTO,10,M,9,0
EL ENCANTO,10,M,10,0
EL ENCANTO,10,M,11,0
EL ENCANTO,10,M,12,0
EL ENCANTO,10,H,1,0
EL ENCANTO,10,H,2,0
EL ENCANTO,10,H,3,0
EL ENCANTO,10,H,4,0
EL ENCANTO,10,H,5,0
EL ENCANTO,10,H,6,0
EL ENCANTO,10,H,7,0
EL ENCANTO,10,H,8,0
EL ENCANTO,10,H,9,0
EL ENCANTO,10,H,10,0
EL ENCANTO,10,H,11,0
EL ENCANTO,10,H,12,0
EL ENCANTO,11,M,1,0
EL ENCANTO,11,M,2,0
EL ENCANTO,11,M,3,0
EL ENCANTO,11,M,4,0
EL ENCANTO,11,M,5,0
EL ENCANTO,11,M,6,0
EL ENCANTO,11,M,7,0
EL ENCANTO,11,M,8,0
EL ENCANTO,11,M,9,0
EL ENCANTO,11,M,10,0
EL ENCANTO,11,M,11,0
EL ENCANTO,11,M,12,0
EL ENCANTO,11,H,1,0
EL ENCANTO,11,H,2,0
EL ENCANTO,11,H,3,0
EL ENCANTO,11,H,4,0
EL ENCANTO,11,H,5,0
EL ENCANTO,11,H,6,0
EL ENCANTO,11,H,7,0
EL ENCANTO,11,H,8,0
EL ENCANTO,11,H,9,0
EL ENCANTO,11,H,10,0
EL ENCANTO,11,H,11,0
EL ENCANTO,11,H,12,0
EL ENCANTO,12,M,1,0
EL ENCANTO,12,M,2,0
EL ENCANTO,12,M,3,0
EL ENCANTO,12,M,4,0
EL ENCANTO,12,M,5,0
EL ENCANTO,12,M,6,0
EL ENCANTO,12,M,7,0
EL ENCANTO,12,M,8,0
EL ENCANTO,12,M,9,0
EL ENCANTO,12,M,10,0
EL ENCANTO,12,M,11,0
EL ENCANTO,12,M,12,0
EL ENCANTO,12,H,1,0
EL ENCANTO,12,H,2,0
EL ENCANTO,12,H,3,0
EL ENCANTO,12,H,4,0
EL ENCANTO,12,H,5,0
EL ENCANTO,12,H,6,0
EL ENCANTO,12,H,7,0
EL ENCANTO,12,H,8,0
EL ENCANTO,12,H,9,0
EL ENCANTO,12,H,10,0
EL ENCANTO,12,H,11,0
EL ENCANTO,12,H,12,0
EL ENCANTO,13,M,1,0
EL ENCANTO,13,M,2,0
EL ENCANTO,13,M,3,0
EL ENCANTO,13,M,4,0
EL ENCANTO,13,M,5,0
EL ENCANTO,13,M,6,0
EL ENCANTO,13,M,7,0
EL ENCANTO,13,M,8,0
EL ENCANTO,13,M,9,0
EL ENCANTO,13,M,10,0
EL ENCANTO,13,M,11,0
EL ENCANTO,13,M,12,0
EL ENCANTO,13,H,1,0
EL ENCANTO,13,H,2,0
EL ENCANTO,13,H,3,0
EL ENCANTO,13,H,4,0
EL ENCANTO,13,H,5,0
EL ENCANTO,13,H,6,0
EL ENCANTO,13,H,7,0
EL ENCANTO,13,H,8,0
EL ENCANTO,13,H,9,0
EL ENCANTO,13,H,10,0
EL ENCANTO,13,H,11,0
EL ENCANTO,13,H,12,0
EL ENCANTO,14,M,1,0
EL ENCANTO,14,M,2,0
EL ENCANTO,14,M,3,0
EL ENCANTO,14,M,4,0
EL ENCANTO,14,M,5,0
EL ENCANTO,14,M,6,0
EL ENCANTO,14,M,7,0
EL ENCANTO,14,M,8,0
EL ENCANTO,14,M,9,0
EL ENCANTO,14,M,10,0
EL ENCANTO,14,M,11,0
EL ENCANTO,14,M,12,0
EL ENCANTO,14,H,1,0
EL ENCANTO,14,H,2,0
EL ENCANTO,14,H,3,0
EL ENCANTO,14,H,4,0
EL ENCANTO,14,H,5,0
EL ENCANTO,14,H,6,0
EL ENCANTO,14,H,7,0
EL ENCANTO,14,H,8,0
EL ENCANTO,14,H,9,0
EL ENCANTO,14,H,10,0
EL ENCANTO,14,H,11,0
EL ENCANTO,14,H,12,0
EL ENCANTO,15,M,1,0
EL ENCANTO,15,M,2,0
EL ENCANTO,15,M,3,0
EL ENCANTO,15,M,4,0
EL ENCANTO,15,M,5,0
EL ENCANTO,15,M,6,0
EL ENCANTO,15,M,7,0
EL ENCANTO,15,M,8,0
EL ENCANTO,15,M,9,0
EL ENCANTO,15,M,10,0
EL ENCANTO,15,M,11,0
EL ENCANTO,15,M,12,0
EL ENCANTO,15,H,1,0
EL ENCANTO,15,H,2,0
EL ENCANTO,15,H,3,0
EL ENCANTO,15,H,4,0
EL ENCANTO,15,H,5,0
EL ENCANTO,15,H,6,0
EL ENCANTO,15,H,7,0
EL ENCANTO,15,H,8,0
EL ENCANTO,15,H,9,0
EL ENCANTO,15,H,10,0
EL ENCANTO,15,H,11,0
EL ENCANTO,15,H,12,0
EL ENCANTO,16,M,1,0
EL ENCANTO,16,M,2,0
EL ENCANTO,16,M,3,0
EL ENCANTO,16,M,4,0
EL ENCANTO,16,M,5,0
EL ENCANTO,16,M,6,0
EL ENCANTO,16,M,7,0
EL ENCANTO,16,M,8,0
EL ENCANTO,16,M,9,0
EL ENCANTO,16,M,10,0
EL ENCANTO,16,M,11,0
EL ENCANTO,16,M,12,0
EL ENCANTO,16,H,1,0
EL ENCANTO,16,H,2,0
EL ENCANTO,16,H,3,0
EL ENCANTO,16,H,4,0
EL ENCANTO,16,H,5,0
EL ENCANTO,16,H,6,0
EL ENCANTO,16,H,7,0
EL ENCANTO,16,H,8,0
EL ENCANTO,16,H,9,0
EL ENCANTO,16,H,10,0
EL ENCANTO,16,H,11,0
EL ENCANTO,16,H,12,0
BUENOS AIRES,4,M,1,0
BUENOS AIRES,4,M,2,0
BUENOS AIRES,4,M,3,0
BUENOS AIRES,4,M,4,0
BUENOS AIRES,4,M,5,0
BUENOS AIRES,4,M,6,0
BUENOS AIRES,4,M,7,0
BUENOS AIRES,4,M,8,0
BUENOS AIRES,4,M,9,0
BUENOS AIRES,4,M,10,0
BUENOS AIRES,4,M,11,0
BUENOS AIRES,4,M,12,0
BUENOS AIRES,5,H,1,0
BUENOS AIRES,5,H,2,0
BUENOS AIRES,5,H,3,0
BUENOS AIRES,5,H,4,0
BUENOS AIRES,5,H,5,0
BUENOS AIRES,5,H,6,0
BUENOS AIRES,5,H,7,0
BUENOS AIRES,5,H,8,0
BUENOS AIRES,5,H,9,0
BUENOS AIRES,5,H,10,1
BUENOS AIRES,5,H,11,0
BUENOS AIRES,5,H,12,0
CETEC SAN NICOLAS,1,MX,1,0
CETEC SAN NICOLAS,1,MX,2,0
CETEC SAN NICOLAS,1,MX,3,0
CETEC SAN NICOLAS,1,MX,4,0
CETEC SAN NICOLAS,1,MX,5,0
CETEC SAN NICOLAS,1,MX,6,0
CETEC SAN NICOLAS,1,MX,7,0
CETEC SAN NICOLAS,1,MX,8,0
CETEC SAN NICOLAS,1,MX,9,0
CETEC SAN NICOLAS,1,MX,10,0
CETEC SAN NICOLAS,1,MX,11,0
CETEC SAN NICOLAS,1,MX,12,0
CETEC CRUCERO,1,MX,1,0
CETEC CRUCERO,1,MX,2,0
CETEC CRUCERO,1,MX,3,0
CETEC CRUCERO,1,MX,4,0
CETEC CRUCERO,1,MX,5,0
CETEC CRUCERO,1,MX,6,0
CETEC CRUCERO,1,MX,7,0
CETEC CRUCERO,1,MX,8,0
CETEC CRUCERO,1,MX,9,0
CETEC CRUCERO,1,MX,10,0
CETEC CRUCERO,1,MX,11,0
CETEC CRUCERO,1,MX,12,0
VILLA DEL LAGO,1,M,1,0
VILLA DEL LAGO,1,M,2,0
VILLA DEL LAGO,1,M,3,0
VILLA DEL LAGO,1,M,4,0
VILLA DEL LAGO,1,M,5,0
VILLA DEL LAGO,1,M,6,0
VILLA DEL LAGO,1,M,7,0
VILLA DEL LAGO,1,M,8,0
VILLA DEL LAGO,1,M,9,0
VILLA DEL LAGO,1,M,10,0
VILLA DEL LAGO,1,M,11,0
VILLA DEL LAGO,1,M,12,0
VILLA DEL LAGO,1,H,1,0
VILLA DEL LAGO,1,H,2,0
VILLA DEL LAGO,1,H,3,0
VILLA DEL LAGO,1,H,4,0
VILLA DEL LAGO,1,H,5,0
VILLA DEL LAGO,1,H,6,0
VILLA DEL LAGO,1,H,7,0
VILLA DEL LAGO,1,H,8,0
VILLA DEL LAGO,1,H,9,0
VILLA DEL LAGO,1,H,10,0
VILLA DEL LAGO,1,H,11,0
VILLA DEL LAGO,1,H,12,0
VILLA DEL LAGO,2,M,1,0
VILLA DEL LAGO,2,M,2,0
VILLA DEL LAGO,2,M,3,0
VILLA DEL LAGO,2,M,4,0
VILLA DEL LAGO,2,M,5,0
VILLA DEL LAGO,2,M,6,0
VILLA DEL LAGO,2,M,7,0
VILLA DEL LAGO,2,M,8,0
VILLA DEL LAGO,2,M,9,0
VILLA DEL LAGO,2,M,10,0
VILLA DEL LAGO,2,M,11,0
VILLA DEL LAGO,2,M,12,0
VILLA DEL LAGO,2,H,1,0
VILLA DEL LAGO,2,H,2,0
VILLA DEL LAGO,2,H,3,0
VILLA DEL LAGO,2,H,4,0
VILLA DEL LAGO,2,H,5,0
VILLA DEL LAGO,2,H,6,0
VILLA DEL LAGO,2,H,7,0
VILLA DEL LAGO,2,H,8,0
VILLA DEL LAGO,2,H,9,0
VILLA DEL LAGO,2,H,10,0
VILLA DEL LAGO,2,H,11,0
VILLA DEL LAGO,2,H,12,0
VILLA DEL LAGO,3,M,1,0
VILLA DEL LAGO,3,M,2,0
VILLA DEL LAGO,3,M,3,0
VILLA DEL LAGO,3,M,4,0
VILLA DEL LAGO,3,M,5,0
VILLA DEL LAGO,3,M,6,0
VILLA DEL LAGO,3,M,7,0
VILLA DEL LAGO,3,M,8,0
VILLA DEL LAGO,3,M,9,0
VILLA DEL LAGO,3,M,10,0
VILLA DEL LAGO,3,M,11,0
VILLA DEL LAGO,3,M,12,0
VILLA DEL LAGO,3,H,1,0
VILLA DEL LAGO,3,H,2,0
VILLA DEL LAGO,3,H,3,0
VILLA DEL LAGO,3,H,4,0
VILLA DEL LAGO,3,H,5,0
VILLA DEL LAGO,3,H,6,0
VILLA DEL LAGO,3,H,7,0
VILLA DEL LAGO,3,H,8,0
VILLA DEL LAGO,3,H,9,0
VILLA DEL LAGO,3,H,10,0
VILLA DEL LAGO,3,H,11,0
VILLA DEL LAGO,3,H,12,0
VILLA DEL LAGO,4,M,1,0
VILLA DEL LAGO,4,M,2,0
VILLA DEL LAGO,4,M,3,0
VILLA DEL LAGO,4,M,4,0
VILLA DEL LAGO,4,M,5,0
VILLA DEL LAGO,4,M,6,0
VILLA DEL LAGO,4,M,7,0
VILLA DEL LAGO,4,M,8,0
VILLA DEL LAGO,4,M,9,0
VILLA DEL LAGO,4,M,10,0
VILLA DEL LAGO,4,M,11,0
VILLA DEL LAGO,4,M,12,0
VILLA DEL LAGO,4,H,1,0
VILLA DEL LAGO,4,H,2,0
VILLA DEL LAGO,4,H,3,0
VILLA DEL LAGO,4,H,4,0
VILLA DEL LAGO,4,H,5,0
VILLA DEL LAGO,4,H,6,0
VILLA DEL LAGO,4,H,7,0
VILLA DEL LAGO,4,H,8,0
VILLA DEL LAGO,4,H,9,0
VILLA DEL LAGO,4,H,10,0
VILLA DEL LAGO,4,H,11,0
VILLA DEL LAGO,4,H,12,0
VILLA DEL LAGO,5,M,1,0
VILLA DEL LAGO,5,M,2,0
VILLA DEL LAGO,5,M,3,0
VILLA DEL LAGO,5,M,4,0
VILLA DEL LAGO,5,M,5,0
VILLA DEL LAGO,5,M,6,0
VILLA DEL LAGO,5,M,7,0
VILLA DEL LAGO,5,M,8,0
VILLA DEL LAGO,5,M,9,0
VILLA DEL LAGO,5,M,10,0
VILLA DEL LAGO,5,M,11,0
VILLA DEL LAGO,5,M,12,0
VILLA DEL LAGO,5,H,1,0
VILLA DEL LAGO,5,H,2,0
VILLA DEL LAGO,5,H,3,0
VILLA DEL LAGO,5,H,4,0
VILLA DEL LAGO,5,H,5,0
VILLA DEL LAGO,5,H,6,0
VILLA DEL LAGO,5,H,7,0
VILLA DEL LAGO,5,H,8,0
VILLA DEL LAGO,5,H,9,0
VILLA DEL LAGO,5,H,10,0
VILLA DEL LAGO,5,H,11,0
VILLA DEL LAGO,5,H,12,0
VILLA DEL LAGO,6,M,1,0
VILLA DEL LAGO,6,M,2,0
VILLA DEL LAGO,6,M,3,0
VILLA DEL LAGO,6,M,4,0
VILLA DEL LAGO,6,M,5,0
VILLA DEL LAGO,6,M,6,0
VILLA DEL LAGO,6,M,7,0
VILLA DEL LAGO,6,M,8,0
VILLA DEL LAGO,6,M,9,0
VILLA DEL LAGO,6,M,10,0
VILLA DEL LAGO,6,M,11,0
VILLA DEL LAGO,6,M,12,0
VILLA DEL LAGO,6,H,1,0
VILLA DEL LAGO,6,H,2,0
VILLA DEL LAGO,6,H,3,0
VILLA DEL LAGO,6,H,4,0
VILLA DEL LAGO,6,H,5,0
VILLA DEL LAGO,6,H,6,0
VILLA DEL LAGO,6,H,7,0
VILLA DEL LAGO,6,H,8,0
VILLA DEL LAGO,6,H,9,0
VILLA DEL LAGO,6,H,10,0
VILLA DEL LAGO,6,H,11,0
VILLA DEL LAGO,6,H,12,0
LA MILAGROSA,1,M,1,0
LA MILAGROSA,1,M,2,0
LA MILAGROSA,1,M,3,0
LA MILAGROSA,1,M,4,0
LA MILAGROSA,1,M,5,0
LA MILAGROSA,1,M,6,0
LA MILAGROSA,1,M,7,0
LA MILAGROSA,1,M,8,0
LA MILAGROSA,1,M,9,0
LA MILAGROSA,1,M,10,0
LA MILAGROSA,1,M,11,0
LA MILAGROSA,1,M,12,0
LA MILAGROSA,1,H,1,0
LA MILAGROSA,1,H,2,0
LA MILAGROSA,1,H,3,0
LA MILAGROSA,1,H,4,0
LA MILAGROSA,1,H,5,0
LA MILAGROSA,1,H,6,0
LA MILAGROSA,1,H,7,0
LA MILAGROSA,1,H,8,0
LA MILAGROSA,1,H,9,0
LA MILAGROSA,1,H,10,0
LA MILAGROSA,1,H,11,0
LA MILAGROSA,1,H,12,0
LA MILAGROSA,2,M,1,0
LA MILAGROSA,2,M,2,0
LA MILAGROSA,2,M,3,0
LA MILAGROSA,2,M,4,0
LA MILAGROSA,2,M,5,0
LA MILAGROSA,2,M,6,0
LA MILAGROSA,2,M,7,0
LA MILAGROSA,2,M,8,0
LA MILAGROSA,2,M,9,0
LA MILAGROSA,2,M,10,0
LA MILAGROSA,2,M,11,0
LA MILAGROSA,2,M,12,0
LA MILAGROSA,2,H,1,0
LA MILAGROSA,2,H,2,0
LA MILAGROSA,2,H,3,0
LA MILAGROSA,2,H,4,0
LA MILAGROSA,2,H,5,0
LA MILAGROSA,2,H,6,0
LA MILAGROSA,2,H,7,0
LA MILAGROSA,2,H,8,0
LA MILAGROSA,2,H,9,0
LA MILAGROSA,2,H,10,0
LA MILAGROSA,2,H,11,0
LA MILAGROSA,2,H,12,0
LA MILAGROSA,3,M,1,0
LA MILAGROSA,3,M,2,0
LA MILAGROSA,3,M,3,0
LA MILAGROSA,3,M,4,0
LA MILAGROSA,3,M,5,0
LA MILAGROSA,3,M,6,0
LA MILAGROSA,3,M,7,0
LA MILAGROSA,3,M,8,0
LA MILAGROSA,3,M,9,0
LA MILAGROSA,3,M,10,0
LA MILAGROSA,3,M,11,0
LA MILAGROSA,3,M,12,0
LA MILAGROSA,3,H,1,0
LA MILAGROSA,3,H,2,0
LA MILAGROSA,3,H,3,0
LA MILAGROSA,3,H,4,0
LA MILAGROSA,3,H,5,0
LA MILAGROSA,3,H,6,0
LA MILAGROSA,3,H,7,0
LA MILAGROSA,3,H,8,0
LA MILAGROSA,3,H,9,0
LA MILAGROSA,3,H,10,0
LA MILAGROSA,3,H,11,0
LA MILAGROSA,3,H,12,0
LA MILAGROSA,4,M,1,0
LA MILAGROSA,4,M,2,0
LA MILAGROSA,4,M,3,0
LA MILAGROSA,4,M,4,0
LA MILAGROSA,4,M,5,0
LA MILAGROSA,4,M,6,0
LA MILAGROSA,4,M,7,0
LA MILAGROSA,4,M,8,0
LA MILAGROSA,4,M,9,0
LA MILAGROSA,4,M,10,0
LA MILAGROSA,4,M,11,0
LA MILAGROSA,4,M,12,0
LA MILAGROSA,4,H,1,0
LA MILAGROSA,4,H,2,0
LA MILAGROSA,4,H,3,0
LA MILAGROSA,4,H,4,0
LA MILAGROSA,4,H,5,0
LA MILAGROSA,4,H,6,0
LA MILAGROSA,4,H,7,0
LA MILAGROSA,4,H,8,0
LA MILAGROSA,4,H,9,0
LA MILAGROSA,4,H,10,0
LA MILAGROSA,4,H,11,0
LA MILAGROSA,4,H,12,0
LA MILAGROSA,5,M,1,0
LA MILAGROSA,5,M,2,0
LA MILAGROSA,5,M,3,0
LA MILAGROSA,5,M,4,0
LA MILAGROSA,5,M,5,0
LA MILAGROSA,5,M,6,0
LA MILAGROSA,5,M,7,0
LA MILAGROSA,5,M,8,0
LA MILAGROSA,5,M,9,0
LA MILAGROSA,5,M,10,0
LA MILAGROSA,5,M,11,0
LA MILAGROSA,5,M,12,0
LA MILAGROSA,5,H,1,0
LA MILAGROSA,5,H,2,0
LA MILAGROSA,5,H,3,0
LA MILAGROSA,5,H,4,0
LA MILAGROSA,5,H,5,0
LA MILAGROSA,5,H,6,0
LA MILAGROSA,5,H,7,0
LA MILAGROSA,5,H,8,0
LA MILAGROSA,5,H,9,0
LA MILAGROSA,5,H,10,0
LA MILAGROSA,5,H,11,0
LA MILAGROSA,5,H,12,0
LA ROMANA,1,M,1,0
LA ROMANA,1,M,2,0
LA ROMANA,1,M,3,0
LA ROMANA,1,M,4,0
LA ROMANA,1,M,5,0
LA ROMANA,1,M,6,0
LA ROMANA,1,M,7,0
LA ROMANA,1,M,8,0
LA ROMANA,1,M,9,0
LA ROMANA,1,M,10,0
LA ROMANA,1,M,11,0
LA ROMANA,1,M,12,0
LA ROMANA,1,H,1,0
LA ROMANA,1,H,2,0
LA ROMANA,1,H,3,0
LA ROMANA,1,H,4,0
LA ROMANA,1,H,5,0
LA ROMANA,1,H,6,0
LA ROMANA,1,H,7,0
LA ROMANA,1,H,8,0
LA ROMANA,1,H,9,0
LA ROMANA,1,H,10,0
LA ROMANA,1,H,11,0
LA ROMANA,1,H,12,0
LA ROMANA,2,M,1,0
LA ROMANA,2,M,2,0
LA ROMANA,2,M,3,0
LA ROMANA,2,M,4,0
LA ROMANA,2,M,5,0
LA ROMANA,2,M,6,0
LA ROMANA,2,M,7,0
LA ROMANA,2,M,8,0
LA ROMANA,2,M,9,0
LA ROMANA,2,M,10,0
LA ROMANA,2,M,11,0
LA ROMANA,2,M,12,0
LA ROMANA,4,H,1,0
LA ROMANA,4,H,2,0
LA ROMANA,4,H,3,0
LA ROMANA,4,H,4,0
LA ROMANA,4,H,5,0
LA ROMANA,4,H,6,0
LA ROMANA,4,H,7,0
LA ROMANA,4,H,8,0
LA ROMANA,4,H,9,0
LA ROMANA,4,H,10,0
LA ROMANA,4,H,11,1
LA ROMANA,4,H,12,0
LA ROMANA,3,M,1,0
LA ROMANA,3,M,2,0
LA ROMANA,3,M,3,0
LA ROMANA,3,M,4,0
LA ROMANA,3,M,5,0
LA ROMANA,3,M,6,0
LA ROMANA,3,M,7,0
LA ROMANA,3,M,8,0
LA ROMANA,3,M,9,0
LA ROMANA,3,M,10,0
LA ROMANA,3,M,11,0
LA ROMANA,3,M,12,0
LA ROMANA,5,M,1,0
LA ROMANA,5,M,2,0
LA ROMANA,5,M,3,0
LA ROMANA,5,M,4,0
LA ROMANA,5,M,5,0
LA ROMANA,5,M,6,0
LA ROMANA,5,M,7,0
LA ROMANA,5,M,8,0
LA ROMANA,5,M,9,0
LA ROMANA,5,M,10,0
LA ROMANA,5,M,11,0
LA ROMANA,5,M,12,0
LA ROMANA,6,H,1,0
LA ROMANA,6,H,2,0
LA ROMANA,6,H,3,0
LA ROMANA,6,H,4,0
LA ROMANA,6,H,5,0
LA ROMANA,6,H,6,0
LA ROMANA,6,H,7,0
LA ROMANA,6,H,8,0
LA ROMANA,6,H,9,0
LA ROMANA,6,H,10,0
LA ROMANA,6,H,11,0
LA ROMANA,6,H,12,0
EL SILENCIO,1,H,1,0
EL SILENCIO,1,H,2,0
EL SILENCIO,1,H,3,0
EL SILENCIO,1,H,4,0
EL SILENCIO,1,H,5,0
EL SILENCIO,1,H,6,0
EL SILENCIO,1,H,7,0
EL SILENCIO,1,H,8,0
EL SILENCIO,1,H,9,0
EL SILENCIO,1,H,10,0
EL SILENCIO,1,H,11,0
EL SILENCIO,1,H,12,0
EL SILENCIO,2,M,1,0
EL SILENCIO,2,M,2,0
EL SILENCIO,2,M,3,0
EL SILENCIO,2,M,4,0
EL SILENCIO,2,M,5,0
EL SILENCIO,2,M,6,0
EL SILENCIO,2,M,7,0
EL SILENCIO,2,M,8,0
EL SILENCIO,2,M,9,0
EL SILENCIO,2,M,10,0
EL SILENCIO,2,M,11,0
EL SILENCIO,2,M,12,0
EL SILENCIO,2,H,1,0
EL SILENCIO,2,H,2,0
EL SILENCIO,2,H,3,0
EL SILENCIO,2,H,4,0
EL SILENCIO,2,H,5,0
EL SILENCIO,2,H,6,0
EL SILENCIO,2,H,7,0
EL SILENCIO,2,H,8,0
EL SILENCIO,2,H,9,0
EL SILENCIO,2,H,10,0
EL SILENCIO,2,H,11,0
EL SILENCIO,2,H,12,0
EL SILENCIO,3,M,1,0
EL SILENCIO,3,M,2,0
EL SILENCIO,3,M,3,0
EL SILENCIO,3,M,4,0
EL SILENCIO,3,M,5,0
EL SILENCIO,3,M,6,0
EL SILENCIO,3,M,7,0
EL SILENCIO,3,M,8,0
EL SILENCIO,3,M,9,0
EL SILENCIO,3,M,10,0
EL SILENCIO,3,M,11,0
EL SILENCIO,3,M,12,0
VILLA DEL LAGO,7,M,1,0
VILLA DEL LAGO,7,M,2,0
VILLA DEL LAGO,7,M,3,0
VILLA DEL LAGO,7,M,4,0
VILLA DEL LAGO,7,M,5,0
VILLA DEL LAGO,7,M,6,0
VILLA DEL LAGO,7,M,7,0
VILLA DEL LAGO,7,M,8,0
VILLA DEL LAGO,7,M,9,0
VILLA DEL LAGO,7,M,10,0
VILLA DEL LAGO,7,M,11,0
VILLA DEL LAGO,7,M,12,0
VILLA DEL LAGO,7,H,1,0
VILLA DEL LAGO,7,H,2,0
VILLA DEL LAGO,7,H,3,0
VILLA DEL LAGO,7,H,4,0
VILLA DEL LAGO,7,H,5,0
VILLA DEL LAGO,7,H,6,0
VILLA DEL LAGO,7,H,7,0
VILLA DEL LAGO,7,H,8,0
VILLA DEL LAGO,7,H,9,0
VILLA DEL LAGO,7,H,10,0
VILLA DEL LAGO,7,H,11,0
VILLA DEL LAGO,7,H,12,0
VILLA DEL LAGO,8,M,1,0
VILLA DEL LAGO,8,M,2,0
VILLA DEL LAGO,8,M,3,0
VILLA DEL LAGO,8,M,4,0
VILLA DEL LAGO,8,M,5,0
VILLA DEL LAGO,8,M,6,0
VILLA DEL LAGO,8,M,7,0
VILLA DEL LAGO,8,M,8,0
VILLA DEL LAGO,8,M,9,0
VILLA DEL LAGO,8,M,10,0
VILLA DEL LAGO,8,M,11,0
VILLA DEL LAGO,8,M,12,0
VILLA DEL LAGO,8,H,1,0
VILLA DEL LAGO,8,H,2,0
VILLA DEL LAGO,8,H,3,0
VILLA DEL LAGO,8,H,4,0
VILLA DEL LAGO,8,H,5,0
VILLA DEL LAGO,8,H,6,0
VILLA DEL LAGO,8,H,7,0
VILLA DEL LAGO,8,H,8,0
VILLA DEL LAGO,8,H,9,0
VILLA DEL LAGO,8,H,10,0
VILLA DEL LAGO,8,H,11,0
VILLA DEL LAGO,8,H,12,0
VILLA DEL LAGO,9,M,1,0
VILLA DEL LAGO,9,M,2,0
VILLA DEL LAGO,9,M,3,0
VILLA DEL LAGO,9,M,4,0
VILLA DEL LAGO,9,M,5,0
VILLA DEL LAGO,9,M,6,0
VILLA DEL LAGO,9,M,7,0
VILLA DEL LAGO,9,M,8,0
VILLA DEL LAGO,9,M,9,0
VILLA DEL LAGO,9,M,10,0
VILLA DEL LAGO,9,M,11,0
VILLA DEL LAGO,9,M,12,0
VILLA DEL LAGO,9,H,1,0
VILLA DEL LAGO,9,H,2,0
VILLA DEL LAGO,9,H,3,0
VILLA DEL LAGO,9,H,4,0
VILLA DEL LAGO,9,H,5,0
VILLA DEL LAGO,9,H,6,0
VILLA DEL LAGO,9,H,7,0
VILLA DEL LAGO,9,H,8,0
VILLA DEL LAGO,9,H,9,0
VILLA DEL LAGO,9,H,10,0
VILLA DEL LAGO,9,H,11,0
VILLA DEL LAGO,9,H,12,0
VILLA DEL LAGO,10,M,1,0
VILLA DEL LAGO,10,M,2,0
VILLA DEL LAGO,10,M,3,0
VILLA DEL LAGO,10,M,4,0
VILLA DEL LAGO,10,M,5,0
VILLA DEL LAGO,10,M,6,0
VILLA DEL LAGO,10,M,7,0
VILLA DEL LAGO,10,M,8,0
VILLA DEL LAGO,10,M,9,0
VILLA DEL LAGO,10,M,10,0
VILLA DEL LAGO,10,M,11,0
VILLA DEL LAGO,10,M,12,0
VILLA DEL LAGO,10,H,1,0
VILLA DEL LAGO,10,H,2,0
VILLA DEL LAGO,10,H,3,0
VILLA DEL LAGO,10,H,4,0
VILLA DEL LAGO,10,H,5,0
VILLA DEL LAGO,10,H,6,0
VILLA DEL LAGO,10,H,7,0
VILLA DEL LAGO,10,H,8,0
VILLA DEL LAGO,10,H,9,0
VILLA DEL LAGO,10,H,10,0
VILLA DEL LAGO,10,H,11,0
VILLA DEL LAGO,10,H,12,0
VILLA DEL LAGO,11,M,1,0
VILLA DEL LAGO,11,M,2,0
VILLA DEL LAGO,11,M,3,0
VILLA DEL LAGO,11,M,4,0
VILLA DEL LAGO,11,M,5,0
VILLA DEL LAGO,11,M,6,0
VILLA DEL LAGO,11,M,7,0
VILLA DEL LAGO,11,M,8,0
VILLA DEL LAGO,11,M,9,0
VILLA DEL LAGO,11,M,10,0
VILLA DEL LAGO,11,M,11,0
VILLA DEL LAGO,11,M,12,0
VILLA DEL LAGO,11,H,1,0
VILLA DEL LAGO,11,H,2,0
VILLA DEL LAGO,11,H,3,0
VILLA DEL LAGO,11,H,4,0
VILLA DEL LAGO,11,H,5,0
VILLA DEL LAGO,11,H,6,0
VILLA DEL LAGO,11,H,7,0
VILLA DEL LAGO,11,H,8,0
VILLA DEL LAGO,11,H,9,0
VILLA DEL LAGO,11,H,10,0
VILLA DEL LAGO,11,H,11,0
VILLA DEL LAGO,11,H,12,0
VILLA DEL LAGO,12,M,1,0
VILLA DEL LAGO,12,M,2,0
VILLA DEL LAGO,12,M,3,0
VILLA DEL LAGO,12,M,4,0
VILLA DEL LAGO,12,M,5,0
VILLA DEL LAGO,12,M,6,0
VILLA DEL LAGO,12,M,7,0
VILLA DEL LAGO,12,M,8,0
VILLA DEL LAGO,12,M,9,0
VILLA DEL LAGO,12,M,10,0
VILLA DEL LAGO,12,M,11,0
VILLA DEL LAGO,12,M,12,0
VILLA DEL LAGO,12,H,1,0
VILLA DEL LAGO,12,H,2,0
VILLA DEL LAGO,12,H,3,0
VILLA DEL LAGO,12,H,4,0
VILLA DEL LAGO,12,H,5,0
VILLA DEL LAGO,12,H,6,0
VILLA DEL LAGO,12,H,7,0
VILLA DEL LAGO,12,H,8,0
VILLA DEL LAGO,12,H,9,0
VILLA DEL LAGO,12,H,10,0
VILLA DEL LAGO,12,H,11,0
VILLA DEL LAGO,12,H,12,0
CAMPANILLA,1,M,1,0
CAMPANILLA,1,M,2,0
CAMPANILLA,1,M,3,0
CAMPANILLA,1,M,4,0
CAMPANILLA,1,M,5,0
CAMPANILLA,1,M,6,0
CAMPANILLA,1,M,7,0
CAMPANILLA,1,M,8,0
CAMPANILLA,1,M,9,0
CAMPANILLA,1,M,10,0
CAMPANILLA,1,M,11,0
CAMPANILLA,1,M,12,0
CAMPANILLA,2,M,1,0
CAMPANILLA,2,M,2,0
CAMPANILLA,2,M,3,0
CAMPANILLA,2,M,4,0
CAMPANILLA,2,M,5,0
CAMPANILLA,2,M,6,0
CAMPANILLA,2,M,7,0
CAMPANILLA,2,M,8,0
CAMPANILLA,2,M,9,0
CAMPANILLA,2,M,10,0
CAMPANILLA,2,M,11,0
CAMPANILLA,2,M,12,0
CAMPANILLA,3,H,1,0
CAMPANILLA,3,H,2,0
CAMPANILLA,3,H,3,0
CAMPANILLA,3,H,4,0
CAMPANILLA,3,H,5,0
CAMPANILLA,3,H,6,0
CAMPANILLA,3,H,7,0
CAMPANILLA,3,H,8,0
CAMPANILLA,3,H,9,0
CAMPANILLA,3,H,10,0
CAMPANILLA,3,H,11,0
CAMPANILLA,3,H,12,0
CAMPANILLA,5,M,1,0
CAMPANILLA,5,M,2,0
CAMPANILLA,5,M,3,0
CAMPANILLA,5,M,4,0
CAMPANILLA,5,M,5,0
CAMPANILLA,5,M,6,0
CAMPANILLA,5,M,7,0
CAMPANILLA,5,M,8,0
CAMPANILLA,5,M,9,0
CAMPANILLA,5,M,10,0
CAMPANILLA,5,M,11,0
CAMPANILLA,5,M,12,0
CAMPANILLA,5,H,1,0
CAMPANILLA,5,H,2,0
CAMPANILLA,5,H,3,0
CAMPANILLA,5,H,4,0
CAMPANILLA,5,H,5,0
CAMPANILLA,5,H,6,0
CAMPANILLA,5,H,7,0
CAMPANILLA,5,H,8,0
CAMPANILLA,5,H,9,0
CAMPANILLA,5,H,10,0
CAMPANILLA,5,H,11,0
CAMPANILLA,5,H,12,0
CAMPANILLA,6,M,1,0
CAMPANILLA,6,M,2,0
CAMPANILLA,6,M,3,0
CAMPANILLA,6,M,4,0
CAMPANILLA,6,M,5,0
CAMPANILLA,6,M,6,0
CAMPANILLA,6,M,7,0
CAMPANILLA,6,M,8,0
CAMPANILLA,6,M,9,0
CAMPANILLA,6,M,10,0
CAMPANILLA,6,M,11,0
CAMPANILLA,6,M,12,0
CAMPANILLA,6,H,1,0
CAMPANILLA,6,H,2,0
CAMPANILLA,6,H,3,0
CAMPANILLA,6,H,4,0
CAMPANILLA,6,H,5,0
CAMPANILLA,6,H,6,0
CAMPANILLA,6,H,7,0
CAMPANILLA,6,H,8,0
CAMPANILLA,6,H,9,0
CAMPANILLA,6,H,10,0
CAMPANILLA,6,H,11,0
CAMPANILLA,6,H,12,0
